/*
 Navicat Premium Data Transfer

 Source Server         : Local
 Source Server Type    : MySQL
 Source Server Version : 80036
 Source Host           : localhost:3306
 Source Schema         : gym_hub

 Target Server Type    : MySQL
 Target Server Version : 80036
 File Encoding         : 65001

 Date: 06/12/2025 20:45:19
*/

SET NAMES utf8mb4;
SET FOREIGN_KEY_CHECKS = 0;

-- ----------------------------
-- Table structure for announcement
-- ----------------------------
DROP TABLE IF EXISTS `announcement`;
CREATE TABLE `announcement`  (
  `id` int NOT NULL AUTO_INCREMENT COMMENT '主键',
  `title` varchar(50) CHARACTER SET utf8mb4 COLLATE utf8mb4_general_ci NULL DEFAULT NULL COMMENT '标题',
  `type` int NULL DEFAULT NULL COMMENT '类型：1 系统资讯、2 系统公告',
  `coach_id` int NULL DEFAULT NULL COMMENT '教练id',
  `content` text CHARACTER SET utf8mb4 COLLATE utf8mb4_general_ci NULL COMMENT '内容',
  `deleted` tinyint(1) NULL DEFAULT NULL COMMENT '删除标志，1 表示删除',
  `create_user` varchar(25) CHARACTER SET utf8mb4 COLLATE utf8mb4_general_ci NULL DEFAULT NULL COMMENT '创建人',
  `create_time` datetime NULL DEFAULT NULL COMMENT '创建时间',
  `modify_user` varchar(25) CHARACTER SET utf8mb4 COLLATE utf8mb4_general_ci NULL DEFAULT NULL COMMENT '修改人',
  `modify_time` datetime NULL DEFAULT NULL COMMENT '修改时间',
  PRIMARY KEY (`id`) USING BTREE
) ENGINE = InnoDB AUTO_INCREMENT = 28 CHARACTER SET = utf8mb4 COLLATE = utf8mb4_general_ci COMMENT = '活动公告表' ROW_FORMAT = DYNAMIC;

-- ----------------------------
-- Records of announcement
-- ----------------------------
INSERT INTO `announcement` VALUES (12, '健身干货速递：科学训练 + 营养指南', 1, 11049, '<p><img src=\"http://localhost:9000/img/0f27e829cdc04e80930de63132d7488d.png\" contenteditable=\"false\"/><br/></p><h1>科学健身全攻略：从新手入门到高效进阶，避开误区练出理想身材</h1><p>健身早已不是小众潮流，而是成为越来越多人追求健康生活的重要方式。但很多人在健身路上容易陷入 “盲目训练、效果不佳” 的困境 —— 新手不知如何起步，老手遭遇平台期难以突破，还有人因错误方法导致运动损伤。本文结合科学健身理念与实用技巧，从训练规划、营养补充、恢复休息三个核心维度，为不同阶段的健身爱好者提供全面指南，助你少走弯路、高效进阶。</p><h2>训练规划：精准定位，循序渐进</h2><p>健身前首先要明确目标，是增肌、减脂、塑形还是提升体能？不同目标对应不同的训练方案。新手建议从复合动作入手，复合动作能同时调动多个肌群，效率更高，还能打好身体基础，比如深蹲、卧推、硬拉、划船等。初期无需追求大重量，重点在于规范动作姿势，避免因发力错误受伤，每周训练 3-4 次，每次 40-60 分钟，给身体足够的适应时间。</p><p>减脂人群需以有氧运动为主，结合适量力量训练。有氧运动可选择跑步、游泳、跳绳等，每周进行 3-5 次，每次 30 分钟以上，能有效燃烧脂肪；力量训练则能增加肌肉量，提高基础代谢，让身体变成 “易瘦体质”，建议每周 2-3 次，针对主要肌群进行训练。增肌人群则应侧重力量训练，采用 “渐进超负荷” 原则，逐渐增加训练重量或次数，刺激肌肉生长，每组动作 8-12 次，每组间休息 60-90 秒，每周训练 4-5 次，确保每个肌群得到充分刺激。</p><p>进阶阶段要避免训练模式固化，定期调整训练计划，比如更换动作、调整重量、改变组间休息时间等，打破身体适应期，突破平台期。同时，要注重薄弱肌群的强化，比如很多人胸背训练不均衡，容易导致体态问题，需针对性补充训练。</p><h2>营养补充：三分练，七分吃</h2><p>健身效果的达成，营养补充占比绝不低于训练本身。减脂期并非 “节食挨饿”，而是要制造合理的热量缺口，每天热量缺口控制在 300-500 大卡为宜，既能减脂又不影响身体健康。饮食上要保证高蛋白、高纤维、低糖低脂，蛋白质可选择鸡胸肉、鱼虾、鸡蛋、牛奶、豆制品等，每餐摄入足量蛋白质能增强饱腹感，减少肌肉流失；碳水化合物应选择糙米、燕麦、玉米等复合碳水，避免精制碳水；多吃蔬菜和低糖水果，补充维生素和膳食纤维。</p><p>增肌期则需要制造热量盈余，每天比日常消耗多摄入 200-500 大卡，为肌肉生长提供充足能量。蛋白质摄入量要比减脂期更高，每公斤体重每天 1.6-2.2 克，碳水化合物也要足量补充，为训练提供动力，同时适量摄入健康脂肪，如牛油果、坚果、橄榄油等，有助于激素分泌。</p><p>训练后的营养补充尤为关键，运动后 30-60 分钟是身体吸收营养的黄金窗口，此时摄入适量蛋白质和碳水化合物，能快速修复受损肌肉，促进恢复。此外，每天要保证 2000-3000 毫升水分摄入，运动后及时补水，避免脱水影响身体机能。</p><h2>恢复休息：给身体生长和修复的时间</h2><p>很多人误以为训练越密集效果越好，实则不然，肌肉是在休息中生长的，过度训练不仅会导致疲劳堆积，还可能引发运动损伤。成年人每天应保证 7-9 小时睡眠，深度睡眠时身体会分泌生长激素，促进肌肉修复和生长。</p><p>除了睡眠，训练后的主动恢复也很重要，比如进行拉伸、泡沫轴放松、瑜伽等，能缓解肌肉酸痛，改善身体柔韧性。同时，要给每个肌群足够的恢复时间，同一肌群训练后至少休息 48 小时，避免连续训练导致肌肉过度疲劳。</p><p>此外，要关注身体的信号，若出现持续疲劳、睡眠质量下降、训练时力量明显下滑等情况，可能是过度训练的征兆，需及时调整训练计划，增加休息时间。心理状态也会影响健身效果，保持积极乐观的心态，避免因短期看不到效果而放弃，健身是长期坚持的过程，循序渐进才能收获理想成果。</p><p>健身是一场与自己的较量，需要科学的方法、坚定的毅力和足够的耐心。无论是新手还是进阶者，都要根据自身情况制定合理的计划，兼顾训练、营养和恢复，避开盲目训练、过度节食等误区。相信只要坚持下去，你不仅能收获理想的身材，更能拥有健康的体魄和积极向上的生活状态。</p>', 0, '管理员', '2025-12-06 20:45:00', '管理员', '2025-12-06 20:45:00');
INSERT INTO `announcement` VALUES (13, '健身资讯周报：解锁高效塑形新技巧', 1, 11049, '<p><img src=\"http://localhost:9000/img/0f27e829cdc04e80930de63132d7488d.png\" contenteditable=\"false\"/><br/></p><h1>科学健身全攻略：从新手入门到高效进阶，避开误区练出理想身材</h1><p>健身早已不是小众潮流，而是成为越来越多人追求健康生活的重要方式。但很多人在健身路上容易陷入 “盲目训练、效果不佳” 的困境 —— 新手不知如何起步，老手遭遇平台期难以突破，还有人因错误方法导致运动损伤。本文结合科学健身理念与实用技巧，从训练规划、营养补充、恢复休息三个核心维度，为不同阶段的健身爱好者提供全面指南，助你少走弯路、高效进阶。</p><h2>训练规划：精准定位，循序渐进</h2><p>健身前首先要明确目标，是增肌、减脂、塑形还是提升体能？不同目标对应不同的训练方案。新手建议从复合动作入手，复合动作能同时调动多个肌群，效率更高，还能打好身体基础，比如深蹲、卧推、硬拉、划船等。初期无需追求大重量，重点在于规范动作姿势，避免因发力错误受伤，每周训练 3-4 次，每次 40-60 分钟，给身体足够的适应时间。</p><p>减脂人群需以有氧运动为主，结合适量力量训练。有氧运动可选择跑步、游泳、跳绳等，每周进行 3-5 次，每次 30 分钟以上，能有效燃烧脂肪；力量训练则能增加肌肉量，提高基础代谢，让身体变成 “易瘦体质”，建议每周 2-3 次，针对主要肌群进行训练。增肌人群则应侧重力量训练，采用 “渐进超负荷” 原则，逐渐增加训练重量或次数，刺激肌肉生长，每组动作 8-12 次，每组间休息 60-90 秒，每周训练 4-5 次，确保每个肌群得到充分刺激。</p><p>进阶阶段要避免训练模式固化，定期调整训练计划，比如更换动作、调整重量、改变组间休息时间等，打破身体适应期，突破平台期。同时，要注重薄弱肌群的强化，比如很多人胸背训练不均衡，容易导致体态问题，需针对性补充训练。</p><h2>营养补充：三分练，七分吃</h2><p>健身效果的达成，营养补充占比绝不低于训练本身。减脂期并非 “节食挨饿”，而是要制造合理的热量缺口，每天热量缺口控制在 300-500 大卡为宜，既能减脂又不影响身体健康。饮食上要保证高蛋白、高纤维、低糖低脂，蛋白质可选择鸡胸肉、鱼虾、鸡蛋、牛奶、豆制品等，每餐摄入足量蛋白质能增强饱腹感，减少肌肉流失；碳水化合物应选择糙米、燕麦、玉米等复合碳水，避免精制碳水；多吃蔬菜和低糖水果，补充维生素和膳食纤维。</p><p>增肌期则需要制造热量盈余，每天比日常消耗多摄入 200-500 大卡，为肌肉生长提供充足能量。蛋白质摄入量要比减脂期更高，每公斤体重每天 1.6-2.2 克，碳水化合物也要足量补充，为训练提供动力，同时适量摄入健康脂肪，如牛油果、坚果、橄榄油等，有助于激素分泌。</p><p>训练后的营养补充尤为关键，运动后 30-60 分钟是身体吸收营养的黄金窗口，此时摄入适量蛋白质和碳水化合物，能快速修复受损肌肉，促进恢复。此外，每天要保证 2000-3000 毫升水分摄入，运动后及时补水，避免脱水影响身体机能。</p><h2>恢复休息：给身体生长和修复的时间</h2><p>很多人误以为训练越密集效果越好，实则不然，肌肉是在休息中生长的，过度训练不仅会导致疲劳堆积，还可能引发运动损伤。成年人每天应保证 7-9 小时睡眠，深度睡眠时身体会分泌生长激素，促进肌肉修复和生长。</p><p>除了睡眠，训练后的主动恢复也很重要，比如进行拉伸、泡沫轴放松、瑜伽等，能缓解肌肉酸痛，改善身体柔韧性。同时，要给每个肌群足够的恢复时间，同一肌群训练后至少休息 48 小时，避免连续训练导致肌肉过度疲劳。</p><p>此外，要关注身体的信号，若出现持续疲劳、睡眠质量下降、训练时力量明显下滑等情况，可能是过度训练的征兆，需及时调整训练计划，增加休息时间。心理状态也会影响健身效果，保持积极乐观的心态，避免因短期看不到效果而放弃，健身是长期坚持的过程，循序渐进才能收获理想成果。</p><p>健身是一场与自己的较量，需要科学的方法、坚定的毅力和足够的耐心。无论是新手还是进阶者，都要根据自身情况制定合理的计划，兼顾训练、营养和恢复，避开盲目训练、过度节食等误区。相信只要坚持下去，你不仅能收获理想的身材，更能拥有健康的体魄和积极向上的生活状态。</p>', 0, '管理员', '2025-12-06 20:45:00', '管理员', '2025-12-06 20:45:00');
INSERT INTO `announcement` VALUES (14, '专业健身资讯：燃脂增肌全攻略', 1, 11049, '<p><img src=\"http://localhost:9000/img/0f27e829cdc04e80930de63132d7488d.png\" contenteditable=\"false\"/><br/></p><h1>科学健身全攻略：从新手入门到高效进阶，避开误区练出理想身材</h1><p>健身早已不是小众潮流，而是成为越来越多人追求健康生活的重要方式。但很多人在健身路上容易陷入 “盲目训练、效果不佳” 的困境 —— 新手不知如何起步，老手遭遇平台期难以突破，还有人因错误方法导致运动损伤。本文结合科学健身理念与实用技巧，从训练规划、营养补充、恢复休息三个核心维度，为不同阶段的健身爱好者提供全面指南，助你少走弯路、高效进阶。</p><h2>训练规划：精准定位，循序渐进</h2><p>健身前首先要明确目标，是增肌、减脂、塑形还是提升体能？不同目标对应不同的训练方案。新手建议从复合动作入手，复合动作能同时调动多个肌群，效率更高，还能打好身体基础，比如深蹲、卧推、硬拉、划船等。初期无需追求大重量，重点在于规范动作姿势，避免因发力错误受伤，每周训练 3-4 次，每次 40-60 分钟，给身体足够的适应时间。</p><p>减脂人群需以有氧运动为主，结合适量力量训练。有氧运动可选择跑步、游泳、跳绳等，每周进行 3-5 次，每次 30 分钟以上，能有效燃烧脂肪；力量训练则能增加肌肉量，提高基础代谢，让身体变成 “易瘦体质”，建议每周 2-3 次，针对主要肌群进行训练。增肌人群则应侧重力量训练，采用 “渐进超负荷” 原则，逐渐增加训练重量或次数，刺激肌肉生长，每组动作 8-12 次，每组间休息 60-90 秒，每周训练 4-5 次，确保每个肌群得到充分刺激。</p><p>进阶阶段要避免训练模式固化，定期调整训练计划，比如更换动作、调整重量、改变组间休息时间等，打破身体适应期，突破平台期。同时，要注重薄弱肌群的强化，比如很多人胸背训练不均衡，容易导致体态问题，需针对性补充训练。</p><h2>营养补充：三分练，七分吃</h2><p>健身效果的达成，营养补充占比绝不低于训练本身。减脂期并非 “节食挨饿”，而是要制造合理的热量缺口，每天热量缺口控制在 300-500 大卡为宜，既能减脂又不影响身体健康。饮食上要保证高蛋白、高纤维、低糖低脂，蛋白质可选择鸡胸肉、鱼虾、鸡蛋、牛奶、豆制品等，每餐摄入足量蛋白质能增强饱腹感，减少肌肉流失；碳水化合物应选择糙米、燕麦、玉米等复合碳水，避免精制碳水；多吃蔬菜和低糖水果，补充维生素和膳食纤维。</p><p>增肌期则需要制造热量盈余，每天比日常消耗多摄入 200-500 大卡，为肌肉生长提供充足能量。蛋白质摄入量要比减脂期更高，每公斤体重每天 1.6-2.2 克，碳水化合物也要足量补充，为训练提供动力，同时适量摄入健康脂肪，如牛油果、坚果、橄榄油等，有助于激素分泌。</p><p>训练后的营养补充尤为关键，运动后 30-60 分钟是身体吸收营养的黄金窗口，此时摄入适量蛋白质和碳水化合物，能快速修复受损肌肉，促进恢复。此外，每天要保证 2000-3000 毫升水分摄入，运动后及时补水，避免脱水影响身体机能。</p><h2>恢复休息：给身体生长和修复的时间</h2><p>很多人误以为训练越密集效果越好，实则不然，肌肉是在休息中生长的，过度训练不仅会导致疲劳堆积，还可能引发运动损伤。成年人每天应保证 7-9 小时睡眠，深度睡眠时身体会分泌生长激素，促进肌肉修复和生长。</p><p>除了睡眠，训练后的主动恢复也很重要，比如进行拉伸、泡沫轴放松、瑜伽等，能缓解肌肉酸痛，改善身体柔韧性。同时，要给每个肌群足够的恢复时间，同一肌群训练后至少休息 48 小时，避免连续训练导致肌肉过度疲劳。</p><p>此外，要关注身体的信号，若出现持续疲劳、睡眠质量下降、训练时力量明显下滑等情况，可能是过度训练的征兆，需及时调整训练计划，增加休息时间。心理状态也会影响健身效果，保持积极乐观的心态，避免因短期看不到效果而放弃，健身是长期坚持的过程，循序渐进才能收获理想成果。</p><p>健身是一场与自己的较量，需要科学的方法、坚定的毅力和足够的耐心。无论是新手还是进阶者，都要根据自身情况制定合理的计划，兼顾训练、营养和恢复，避开盲目训练、过度节食等误区。相信只要坚持下去，你不仅能收获理想的身材，更能拥有健康的体魄和积极向上的生活状态。</p>', 0, '管理员', '2025-12-06 20:45:00', '管理员', '2025-12-06 20:45:00');
INSERT INTO `announcement` VALUES (15, '健身系统升级公告：功能优化上线', 2, NULL, '<p><img src=\"http://localhost:9000/img/0f27e829cdc04e80930de63132d7488d.png\" contenteditable=\"false\"/><br/></p><h1>科学健身全攻略：从新手入门到高效进阶，避开误区练出理想身材</h1><p>健身早已不是小众潮流，而是成为越来越多人追求健康生活的重要方式。但很多人在健身路上容易陷入 “盲目训练、效果不佳” 的困境 —— 新手不知如何起步，老手遭遇平台期难以突破，还有人因错误方法导致运动损伤。本文结合科学健身理念与实用技巧，从训练规划、营养补充、恢复休息三个核心维度，为不同阶段的健身爱好者提供全面指南，助你少走弯路、高效进阶。</p><h2>训练规划：精准定位，循序渐进</h2><p>健身前首先要明确目标，是增肌、减脂、塑形还是提升体能？不同目标对应不同的训练方案。新手建议从复合动作入手，复合动作能同时调动多个肌群，效率更高，还能打好身体基础，比如深蹲、卧推、硬拉、划船等。初期无需追求大重量，重点在于规范动作姿势，避免因发力错误受伤，每周训练 3-4 次，每次 40-60 分钟，给身体足够的适应时间。</p><p>减脂人群需以有氧运动为主，结合适量力量训练。有氧运动可选择跑步、游泳、跳绳等，每周进行 3-5 次，每次 30 分钟以上，能有效燃烧脂肪；力量训练则能增加肌肉量，提高基础代谢，让身体变成 “易瘦体质”，建议每周 2-3 次，针对主要肌群进行训练。增肌人群则应侧重力量训练，采用 “渐进超负荷” 原则，逐渐增加训练重量或次数，刺激肌肉生长，每组动作 8-12 次，每组间休息 60-90 秒，每周训练 4-5 次，确保每个肌群得到充分刺激。</p><p>进阶阶段要避免训练模式固化，定期调整训练计划，比如更换动作、调整重量、改变组间休息时间等，打破身体适应期，突破平台期。同时，要注重薄弱肌群的强化，比如很多人胸背训练不均衡，容易导致体态问题，需针对性补充训练。</p><h2>营养补充：三分练，七分吃</h2><p>健身效果的达成，营养补充占比绝不低于训练本身。减脂期并非 “节食挨饿”，而是要制造合理的热量缺口，每天热量缺口控制在 300-500 大卡为宜，既能减脂又不影响身体健康。饮食上要保证高蛋白、高纤维、低糖低脂，蛋白质可选择鸡胸肉、鱼虾、鸡蛋、牛奶、豆制品等，每餐摄入足量蛋白质能增强饱腹感，减少肌肉流失；碳水化合物应选择糙米、燕麦、玉米等复合碳水，避免精制碳水；多吃蔬菜和低糖水果，补充维生素和膳食纤维。</p><p>增肌期则需要制造热量盈余，每天比日常消耗多摄入 200-500 大卡，为肌肉生长提供充足能量。蛋白质摄入量要比减脂期更高，每公斤体重每天 1.6-2.2 克，碳水化合物也要足量补充，为训练提供动力，同时适量摄入健康脂肪，如牛油果、坚果、橄榄油等，有助于激素分泌。</p><p>训练后的营养补充尤为关键，运动后 30-60 分钟是身体吸收营养的黄金窗口，此时摄入适量蛋白质和碳水化合物，能快速修复受损肌肉，促进恢复。此外，每天要保证 2000-3000 毫升水分摄入，运动后及时补水，避免脱水影响身体机能。</p><h2>恢复休息：给身体生长和修复的时间</h2><p>很多人误以为训练越密集效果越好，实则不然，肌肉是在休息中生长的，过度训练不仅会导致疲劳堆积，还可能引发运动损伤。成年人每天应保证 7-9 小时睡眠，深度睡眠时身体会分泌生长激素，促进肌肉修复和生长。</p><p>除了睡眠，训练后的主动恢复也很重要，比如进行拉伸、泡沫轴放松、瑜伽等，能缓解肌肉酸痛，改善身体柔韧性。同时，要给每个肌群足够的恢复时间，同一肌群训练后至少休息 48 小时，避免连续训练导致肌肉过度疲劳。</p><p>此外，要关注身体的信号，若出现持续疲劳、睡眠质量下降、训练时力量明显下滑等情况，可能是过度训练的征兆，需及时调整训练计划，增加休息时间。心理状态也会影响健身效果，保持积极乐观的心态，避免因短期看不到效果而放弃，健身是长期坚持的过程，循序渐进才能收获理想成果。</p><p>健身是一场与自己的较量，需要科学的方法、坚定的毅力和足够的耐心。无论是新手还是进阶者，都要根据自身情况制定合理的计划，兼顾训练、营养和恢复，避开盲目训练、过度节食等误区。相信只要坚持下去，你不仅能收获理想的身材，更能拥有健康的体魄和积极向上的生活状态。</p>', 0, '管理员', '2025-12-06 20:45:00', '管理员', '2025-12-06 20:45:00');
INSERT INTO `announcement` VALUES (16, '健身系统维护通知：暂停服务须知', 2, NULL, '<p><img src=\"http://localhost:9000/img/0f27e829cdc04e80930de63132d7488d.png\" contenteditable=\"false\"/><br/></p><h1>科学健身全攻略：从新手入门到高效进阶，避开误区练出理想身材</h1><p>健身早已不是小众潮流，而是成为越来越多人追求健康生活的重要方式。但很多人在健身路上容易陷入 “盲目训练、效果不佳” 的困境 —— 新手不知如何起步，老手遭遇平台期难以突破，还有人因错误方法导致运动损伤。本文结合科学健身理念与实用技巧，从训练规划、营养补充、恢复休息三个核心维度，为不同阶段的健身爱好者提供全面指南，助你少走弯路、高效进阶。</p><h2>训练规划：精准定位，循序渐进</h2><p>健身前首先要明确目标，是增肌、减脂、塑形还是提升体能？不同目标对应不同的训练方案。新手建议从复合动作入手，复合动作能同时调动多个肌群，效率更高，还能打好身体基础，比如深蹲、卧推、硬拉、划船等。初期无需追求大重量，重点在于规范动作姿势，避免因发力错误受伤，每周训练 3-4 次，每次 40-60 分钟，给身体足够的适应时间。</p><p>减脂人群需以有氧运动为主，结合适量力量训练。有氧运动可选择跑步、游泳、跳绳等，每周进行 3-5 次，每次 30 分钟以上，能有效燃烧脂肪；力量训练则能增加肌肉量，提高基础代谢，让身体变成 “易瘦体质”，建议每周 2-3 次，针对主要肌群进行训练。增肌人群则应侧重力量训练，采用 “渐进超负荷” 原则，逐渐增加训练重量或次数，刺激肌肉生长，每组动作 8-12 次，每组间休息 60-90 秒，每周训练 4-5 次，确保每个肌群得到充分刺激。</p><p>进阶阶段要避免训练模式固化，定期调整训练计划，比如更换动作、调整重量、改变组间休息时间等，打破身体适应期，突破平台期。同时，要注重薄弱肌群的强化，比如很多人胸背训练不均衡，容易导致体态问题，需针对性补充训练。</p><h2>营养补充：三分练，七分吃</h2><p>健身效果的达成，营养补充占比绝不低于训练本身。减脂期并非 “节食挨饿”，而是要制造合理的热量缺口，每天热量缺口控制在 300-500 大卡为宜，既能减脂又不影响身体健康。饮食上要保证高蛋白、高纤维、低糖低脂，蛋白质可选择鸡胸肉、鱼虾、鸡蛋、牛奶、豆制品等，每餐摄入足量蛋白质能增强饱腹感，减少肌肉流失；碳水化合物应选择糙米、燕麦、玉米等复合碳水，避免精制碳水；多吃蔬菜和低糖水果，补充维生素和膳食纤维。</p><p>增肌期则需要制造热量盈余，每天比日常消耗多摄入 200-500 大卡，为肌肉生长提供充足能量。蛋白质摄入量要比减脂期更高，每公斤体重每天 1.6-2.2 克，碳水化合物也要足量补充，为训练提供动力，同时适量摄入健康脂肪，如牛油果、坚果、橄榄油等，有助于激素分泌。</p><p>训练后的营养补充尤为关键，运动后 30-60 分钟是身体吸收营养的黄金窗口，此时摄入适量蛋白质和碳水化合物，能快速修复受损肌肉，促进恢复。此外，每天要保证 2000-3000 毫升水分摄入，运动后及时补水，避免脱水影响身体机能。</p><h2>恢复休息：给身体生长和修复的时间</h2><p>很多人误以为训练越密集效果越好，实则不然，肌肉是在休息中生长的，过度训练不仅会导致疲劳堆积，还可能引发运动损伤。成年人每天应保证 7-9 小时睡眠，深度睡眠时身体会分泌生长激素，促进肌肉修复和生长。</p><p>除了睡眠，训练后的主动恢复也很重要，比如进行拉伸、泡沫轴放松、瑜伽等，能缓解肌肉酸痛，改善身体柔韧性。同时，要给每个肌群足够的恢复时间，同一肌群训练后至少休息 48 小时，避免连续训练导致肌肉过度疲劳。</p><p>此外，要关注身体的信号，若出现持续疲劳、睡眠质量下降、训练时力量明显下滑等情况，可能是过度训练的征兆，需及时调整训练计划，增加休息时间。心理状态也会影响健身效果，保持积极乐观的心态，避免因短期看不到效果而放弃，健身是长期坚持的过程，循序渐进才能收获理想成果。</p><p>健身是一场与自己的较量，需要科学的方法、坚定的毅力和足够的耐心。无论是新手还是进阶者，都要根据自身情况制定合理的计划，兼顾训练、营养和恢复，避开盲目训练、过度节食等误区。相信只要坚持下去，你不仅能收获理想的身材，更能拥有健康的体魄和积极向上的生活状态。</p>', 0, '管理员', '2025-12-06 20:45:00', '管理员', '2025-12-06 20:45:00');
INSERT INTO `announcement` VALUES (17, '健身系统新规发布：会员权益调整', 2, NULL, '<p><img src=\"http://localhost:9000/img/0f27e829cdc04e80930de63132d7488d.png\" contenteditable=\"false\"/><br/></p><h1>科学健身全攻略：从新手入门到高效进阶，避开误区练出理想身材</h1><p>健身早已不是小众潮流，而是成为越来越多人追求健康生活的重要方式。但很多人在健身路上容易陷入 “盲目训练、效果不佳” 的困境 —— 新手不知如何起步，老手遭遇平台期难以突破，还有人因错误方法导致运动损伤。本文结合科学健身理念与实用技巧，从训练规划、营养补充、恢复休息三个核心维度，为不同阶段的健身爱好者提供全面指南，助你少走弯路、高效进阶。</p><h2>训练规划：精准定位，循序渐进</h2><p>健身前首先要明确目标，是增肌、减脂、塑形还是提升体能？不同目标对应不同的训练方案。新手建议从复合动作入手，复合动作能同时调动多个肌群，效率更高，还能打好身体基础，比如深蹲、卧推、硬拉、划船等。初期无需追求大重量，重点在于规范动作姿势，避免因发力错误受伤，每周训练 3-4 次，每次 40-60 分钟，给身体足够的适应时间。</p><p>减脂人群需以有氧运动为主，结合适量力量训练。有氧运动可选择跑步、游泳、跳绳等，每周进行 3-5 次，每次 30 分钟以上，能有效燃烧脂肪；力量训练则能增加肌肉量，提高基础代谢，让身体变成 “易瘦体质”，建议每周 2-3 次，针对主要肌群进行训练。增肌人群则应侧重力量训练，采用 “渐进超负荷” 原则，逐渐增加训练重量或次数，刺激肌肉生长，每组动作 8-12 次，每组间休息 60-90 秒，每周训练 4-5 次，确保每个肌群得到充分刺激。</p><p>进阶阶段要避免训练模式固化，定期调整训练计划，比如更换动作、调整重量、改变组间休息时间等，打破身体适应期，突破平台期。同时，要注重薄弱肌群的强化，比如很多人胸背训练不均衡，容易导致体态问题，需针对性补充训练。</p><h2>营养补充：三分练，七分吃</h2><p>健身效果的达成，营养补充占比绝不低于训练本身。减脂期并非 “节食挨饿”，而是要制造合理的热量缺口，每天热量缺口控制在 300-500 大卡为宜，既能减脂又不影响身体健康。饮食上要保证高蛋白、高纤维、低糖低脂，蛋白质可选择鸡胸肉、鱼虾、鸡蛋、牛奶、豆制品等，每餐摄入足量蛋白质能增强饱腹感，减少肌肉流失；碳水化合物应选择糙米、燕麦、玉米等复合碳水，避免精制碳水；多吃蔬菜和低糖水果，补充维生素和膳食纤维。</p><p>增肌期则需要制造热量盈余，每天比日常消耗多摄入 200-500 大卡，为肌肉生长提供充足能量。蛋白质摄入量要比减脂期更高，每公斤体重每天 1.6-2.2 克，碳水化合物也要足量补充，为训练提供动力，同时适量摄入健康脂肪，如牛油果、坚果、橄榄油等，有助于激素分泌。</p><p>训练后的营养补充尤为关键，运动后 30-60 分钟是身体吸收营养的黄金窗口，此时摄入适量蛋白质和碳水化合物，能快速修复受损肌肉，促进恢复。此外，每天要保证 2000-3000 毫升水分摄入，运动后及时补水，避免脱水影响身体机能。</p><h2>恢复休息：给身体生长和修复的时间</h2><p>很多人误以为训练越密集效果越好，实则不然，肌肉是在休息中生长的，过度训练不仅会导致疲劳堆积，还可能引发运动损伤。成年人每天应保证 7-9 小时睡眠，深度睡眠时身体会分泌生长激素，促进肌肉修复和生长。</p><p>除了睡眠，训练后的主动恢复也很重要，比如进行拉伸、泡沫轴放松、瑜伽等，能缓解肌肉酸痛，改善身体柔韧性。同时，要给每个肌群足够的恢复时间，同一肌群训练后至少休息 48 小时，避免连续训练导致肌肉过度疲劳。</p><p>此外，要关注身体的信号，若出现持续疲劳、睡眠质量下降、训练时力量明显下滑等情况，可能是过度训练的征兆，需及时调整训练计划，增加休息时间。心理状态也会影响健身效果，保持积极乐观的心态，避免因短期看不到效果而放弃，健身是长期坚持的过程，循序渐进才能收获理想成果。</p><p>健身是一场与自己的较量，需要科学的方法、坚定的毅力和足够的耐心。无论是新手还是进阶者，都要根据自身情况制定合理的计划，兼顾训练、营养和恢复，避开盲目训练、过度节食等误区。相信只要坚持下去，你不仅能收获理想的身材，更能拥有健康的体魄和积极向上的生活状态。</p>', 0, '管理员', '2025-12-06 20:45:00', '管理员', '2025-12-06 20:45:00');
INSERT INTO `announcement` VALUES (18, '健身前沿资讯：科学健身不踩坑', 1, 11049, '<p><img src=\"http://localhost:9000/img/0f27e829cdc04e80930de63132d7488d.png\" contenteditable=\"false\"/><br/></p><h1>科学健身全攻略：从新手入门到高效进阶，避开误区练出理想身材</h1><p>健身早已不是小众潮流，而是成为越来越多人追求健康生活的重要方式。但很多人在健身路上容易陷入 “盲目训练、效果不佳” 的困境 —— 新手不知如何起步，老手遭遇平台期难以突破，还有人因错误方法导致运动损伤。本文结合科学健身理念与实用技巧，从训练规划、营养补充、恢复休息三个核心维度，为不同阶段的健身爱好者提供全面指南，助你少走弯路、高效进阶。</p><h2>训练规划：精准定位，循序渐进</h2><p>健身前首先要明确目标，是增肌、减脂、塑形还是提升体能？不同目标对应不同的训练方案。新手建议从复合动作入手，复合动作能同时调动多个肌群，效率更高，还能打好身体基础，比如深蹲、卧推、硬拉、划船等。初期无需追求大重量，重点在于规范动作姿势，避免因发力错误受伤，每周训练 3-4 次，每次 40-60 分钟，给身体足够的适应时间。</p><p>减脂人群需以有氧运动为主，结合适量力量训练。有氧运动可选择跑步、游泳、跳绳等，每周进行 3-5 次，每次 30 分钟以上，能有效燃烧脂肪；力量训练则能增加肌肉量，提高基础代谢，让身体变成 “易瘦体质”，建议每周 2-3 次，针对主要肌群进行训练。增肌人群则应侧重力量训练，采用 “渐进超负荷” 原则，逐渐增加训练重量或次数，刺激肌肉生长，每组动作 8-12 次，每组间休息 60-90 秒，每周训练 4-5 次，确保每个肌群得到充分刺激。</p><p>进阶阶段要避免训练模式固化，定期调整训练计划，比如更换动作、调整重量、改变组间休息时间等，打破身体适应期，突破平台期。同时，要注重薄弱肌群的强化，比如很多人胸背训练不均衡，容易导致体态问题，需针对性补充训练。</p><h2>营养补充：三分练，七分吃</h2><p>健身效果的达成，营养补充占比绝不低于训练本身。减脂期并非 “节食挨饿”，而是要制造合理的热量缺口，每天热量缺口控制在 300-500 大卡为宜，既能减脂又不影响身体健康。饮食上要保证高蛋白、高纤维、低糖低脂，蛋白质可选择鸡胸肉、鱼虾、鸡蛋、牛奶、豆制品等，每餐摄入足量蛋白质能增强饱腹感，减少肌肉流失；碳水化合物应选择糙米、燕麦、玉米等复合碳水，避免精制碳水；多吃蔬菜和低糖水果，补充维生素和膳食纤维。</p><p>增肌期则需要制造热量盈余，每天比日常消耗多摄入 200-500 大卡，为肌肉生长提供充足能量。蛋白质摄入量要比减脂期更高，每公斤体重每天 1.6-2.2 克，碳水化合物也要足量补充，为训练提供动力，同时适量摄入健康脂肪，如牛油果、坚果、橄榄油等，有助于激素分泌。</p><p>训练后的营养补充尤为关键，运动后 30-60 分钟是身体吸收营养的黄金窗口，此时摄入适量蛋白质和碳水化合物，能快速修复受损肌肉，促进恢复。此外，每天要保证 2000-3000 毫升水分摄入，运动后及时补水，避免脱水影响身体机能。</p><h2>恢复休息：给身体生长和修复的时间</h2><p>很多人误以为训练越密集效果越好，实则不然，肌肉是在休息中生长的，过度训练不仅会导致疲劳堆积，还可能引发运动损伤。成年人每天应保证 7-9 小时睡眠，深度睡眠时身体会分泌生长激素，促进肌肉修复和生长。</p><p>除了睡眠，训练后的主动恢复也很重要，比如进行拉伸、泡沫轴放松、瑜伽等，能缓解肌肉酸痛，改善身体柔韧性。同时，要给每个肌群足够的恢复时间，同一肌群训练后至少休息 48 小时，避免连续训练导致肌肉过度疲劳。</p><p>此外，要关注身体的信号，若出现持续疲劳、睡眠质量下降、训练时力量明显下滑等情况，可能是过度训练的征兆，需及时调整训练计划，增加休息时间。心理状态也会影响健身效果，保持积极乐观的心态，避免因短期看不到效果而放弃，健身是长期坚持的过程，循序渐进才能收获理想成果。</p><p>健身是一场与自己的较量，需要科学的方法、坚定的毅力和足够的耐心。无论是新手还是进阶者，都要根据自身情况制定合理的计划，兼顾训练、营养和恢复，避开盲目训练、过度节食等误区。相信只要坚持下去，你不仅能收获理想的身材，更能拥有健康的体魄和积极向上的生活状态。</p>', 0, '管理员', '2025-12-06 20:45:00', '管理员', '2025-12-06 20:45:00');
INSERT INTO `announcement` VALUES (19, '每日健身资讯：练出理想身材秘籍', 1, 11049, '<p><img src=\"http://localhost:9000/img/0f27e829cdc04e80930de63132d7488d.png\" contenteditable=\"false\"/><br/></p><h1>科学健身全攻略：从新手入门到高效进阶，避开误区练出理想身材</h1><p>健身早已不是小众潮流，而是成为越来越多人追求健康生活的重要方式。但很多人在健身路上容易陷入 “盲目训练、效果不佳” 的困境 —— 新手不知如何起步，老手遭遇平台期难以突破，还有人因错误方法导致运动损伤。本文结合科学健身理念与实用技巧，从训练规划、营养补充、恢复休息三个核心维度，为不同阶段的健身爱好者提供全面指南，助你少走弯路、高效进阶。</p><h2>训练规划：精准定位，循序渐进</h2><p>健身前首先要明确目标，是增肌、减脂、塑形还是提升体能？不同目标对应不同的训练方案。新手建议从复合动作入手，复合动作能同时调动多个肌群，效率更高，还能打好身体基础，比如深蹲、卧推、硬拉、划船等。初期无需追求大重量，重点在于规范动作姿势，避免因发力错误受伤，每周训练 3-4 次，每次 40-60 分钟，给身体足够的适应时间。</p><p>减脂人群需以有氧运动为主，结合适量力量训练。有氧运动可选择跑步、游泳、跳绳等，每周进行 3-5 次，每次 30 分钟以上，能有效燃烧脂肪；力量训练则能增加肌肉量，提高基础代谢，让身体变成 “易瘦体质”，建议每周 2-3 次，针对主要肌群进行训练。增肌人群则应侧重力量训练，采用 “渐进超负荷” 原则，逐渐增加训练重量或次数，刺激肌肉生长，每组动作 8-12 次，每组间休息 60-90 秒，每周训练 4-5 次，确保每个肌群得到充分刺激。</p><p>进阶阶段要避免训练模式固化，定期调整训练计划，比如更换动作、调整重量、改变组间休息时间等，打破身体适应期，突破平台期。同时，要注重薄弱肌群的强化，比如很多人胸背训练不均衡，容易导致体态问题，需针对性补充训练。</p><h2>营养补充：三分练，七分吃</h2><p>健身效果的达成，营养补充占比绝不低于训练本身。减脂期并非 “节食挨饿”，而是要制造合理的热量缺口，每天热量缺口控制在 300-500 大卡为宜，既能减脂又不影响身体健康。饮食上要保证高蛋白、高纤维、低糖低脂，蛋白质可选择鸡胸肉、鱼虾、鸡蛋、牛奶、豆制品等，每餐摄入足量蛋白质能增强饱腹感，减少肌肉流失；碳水化合物应选择糙米、燕麦、玉米等复合碳水，避免精制碳水；多吃蔬菜和低糖水果，补充维生素和膳食纤维。</p><p>增肌期则需要制造热量盈余，每天比日常消耗多摄入 200-500 大卡，为肌肉生长提供充足能量。蛋白质摄入量要比减脂期更高，每公斤体重每天 1.6-2.2 克，碳水化合物也要足量补充，为训练提供动力，同时适量摄入健康脂肪，如牛油果、坚果、橄榄油等，有助于激素分泌。</p><p>训练后的营养补充尤为关键，运动后 30-60 分钟是身体吸收营养的黄金窗口，此时摄入适量蛋白质和碳水化合物，能快速修复受损肌肉，促进恢复。此外，每天要保证 2000-3000 毫升水分摄入，运动后及时补水，避免脱水影响身体机能。</p><h2>恢复休息：给身体生长和修复的时间</h2><p>很多人误以为训练越密集效果越好，实则不然，肌肉是在休息中生长的，过度训练不仅会导致疲劳堆积，还可能引发运动损伤。成年人每天应保证 7-9 小时睡眠，深度睡眠时身体会分泌生长激素，促进肌肉修复和生长。</p><p>除了睡眠，训练后的主动恢复也很重要，比如进行拉伸、泡沫轴放松、瑜伽等，能缓解肌肉酸痛，改善身体柔韧性。同时，要给每个肌群足够的恢复时间，同一肌群训练后至少休息 48 小时，避免连续训练导致肌肉过度疲劳。</p><p>此外，要关注身体的信号，若出现持续疲劳、睡眠质量下降、训练时力量明显下滑等情况，可能是过度训练的征兆，需及时调整训练计划，增加休息时间。心理状态也会影响健身效果，保持积极乐观的心态，避免因短期看不到效果而放弃，健身是长期坚持的过程，循序渐进才能收获理想成果。</p><p>健身是一场与自己的较量，需要科学的方法、坚定的毅力和足够的耐心。无论是新手还是进阶者，都要根据自身情况制定合理的计划，兼顾训练、营养和恢复，避开盲目训练、过度节食等误区。相信只要坚持下去，你不仅能收获理想的身材，更能拥有健康的体魄和积极向上的生活状态。</p>', 0, '管理员', '2025-12-06 20:45:00', '管理员', '2025-12-06 20:45:00');
INSERT INTO `announcement` VALUES (20, '健身干货合集：新手到大神进阶指南', 1, 11049, '<p><img src=\"http://localhost:9000/img/0f27e829cdc04e80930de63132d7488d.png\" contenteditable=\"false\"/><br/></p><h1>科学健身全攻略：从新手入门到高效进阶，避开误区练出理想身材</h1><p>健身早已不是小众潮流，而是成为越来越多人追求健康生活的重要方式。但很多人在健身路上容易陷入 “盲目训练、效果不佳” 的困境 —— 新手不知如何起步，老手遭遇平台期难以突破，还有人因错误方法导致运动损伤。本文结合科学健身理念与实用技巧，从训练规划、营养补充、恢复休息三个核心维度，为不同阶段的健身爱好者提供全面指南，助你少走弯路、高效进阶。</p><h2>训练规划：精准定位，循序渐进</h2><p>健身前首先要明确目标，是增肌、减脂、塑形还是提升体能？不同目标对应不同的训练方案。新手建议从复合动作入手，复合动作能同时调动多个肌群，效率更高，还能打好身体基础，比如深蹲、卧推、硬拉、划船等。初期无需追求大重量，重点在于规范动作姿势，避免因发力错误受伤，每周训练 3-4 次，每次 40-60 分钟，给身体足够的适应时间。</p><p>减脂人群需以有氧运动为主，结合适量力量训练。有氧运动可选择跑步、游泳、跳绳等，每周进行 3-5 次，每次 30 分钟以上，能有效燃烧脂肪；力量训练则能增加肌肉量，提高基础代谢，让身体变成 “易瘦体质”，建议每周 2-3 次，针对主要肌群进行训练。增肌人群则应侧重力量训练，采用 “渐进超负荷” 原则，逐渐增加训练重量或次数，刺激肌肉生长，每组动作 8-12 次，每组间休息 60-90 秒，每周训练 4-5 次，确保每个肌群得到充分刺激。</p><p>进阶阶段要避免训练模式固化，定期调整训练计划，比如更换动作、调整重量、改变组间休息时间等，打破身体适应期，突破平台期。同时，要注重薄弱肌群的强化，比如很多人胸背训练不均衡，容易导致体态问题，需针对性补充训练。</p><h2>营养补充：三分练，七分吃</h2><p>健身效果的达成，营养补充占比绝不低于训练本身。减脂期并非 “节食挨饿”，而是要制造合理的热量缺口，每天热量缺口控制在 300-500 大卡为宜，既能减脂又不影响身体健康。饮食上要保证高蛋白、高纤维、低糖低脂，蛋白质可选择鸡胸肉、鱼虾、鸡蛋、牛奶、豆制品等，每餐摄入足量蛋白质能增强饱腹感，减少肌肉流失；碳水化合物应选择糙米、燕麦、玉米等复合碳水，避免精制碳水；多吃蔬菜和低糖水果，补充维生素和膳食纤维。</p><p>增肌期则需要制造热量盈余，每天比日常消耗多摄入 200-500 大卡，为肌肉生长提供充足能量。蛋白质摄入量要比减脂期更高，每公斤体重每天 1.6-2.2 克，碳水化合物也要足量补充，为训练提供动力，同时适量摄入健康脂肪，如牛油果、坚果、橄榄油等，有助于激素分泌。</p><p>训练后的营养补充尤为关键，运动后 30-60 分钟是身体吸收营养的黄金窗口，此时摄入适量蛋白质和碳水化合物，能快速修复受损肌肉，促进恢复。此外，每天要保证 2000-3000 毫升水分摄入，运动后及时补水，避免脱水影响身体机能。</p><h2>恢复休息：给身体生长和修复的时间</h2><p>很多人误以为训练越密集效果越好，实则不然，肌肉是在休息中生长的，过度训练不仅会导致疲劳堆积，还可能引发运动损伤。成年人每天应保证 7-9 小时睡眠，深度睡眠时身体会分泌生长激素，促进肌肉修复和生长。</p><p>除了睡眠，训练后的主动恢复也很重要，比如进行拉伸、泡沫轴放松、瑜伽等，能缓解肌肉酸痛，改善身体柔韧性。同时，要给每个肌群足够的恢复时间，同一肌群训练后至少休息 48 小时，避免连续训练导致肌肉过度疲劳。</p><p>此外，要关注身体的信号，若出现持续疲劳、睡眠质量下降、训练时力量明显下滑等情况，可能是过度训练的征兆，需及时调整训练计划，增加休息时间。心理状态也会影响健身效果，保持积极乐观的心态，避免因短期看不到效果而放弃，健身是长期坚持的过程，循序渐进才能收获理想成果。</p><p>健身是一场与自己的较量，需要科学的方法、坚定的毅力和足够的耐心。无论是新手还是进阶者，都要根据自身情况制定合理的计划，兼顾训练、营养和恢复，避开盲目训练、过度节食等误区。相信只要坚持下去，你不仅能收获理想的身材，更能拥有健康的体魄和积极向上的生活状态。</p>', 0, '管理员', '2025-12-06 20:45:00', '管理员', '2025-12-06 20:45:00');
INSERT INTO `announcement` VALUES (21, '健身热点速递：最新训练理念解析', 1, 11049, '<p><img src=\"http://localhost:9000/img/0f27e829cdc04e80930de63132d7488d.png\" contenteditable=\"false\"/><br/></p><h1>科学健身全攻略：从新手入门到高效进阶，避开误区练出理想身材</h1><p>健身早已不是小众潮流，而是成为越来越多人追求健康生活的重要方式。但很多人在健身路上容易陷入 “盲目训练、效果不佳” 的困境 —— 新手不知如何起步，老手遭遇平台期难以突破，还有人因错误方法导致运动损伤。本文结合科学健身理念与实用技巧，从训练规划、营养补充、恢复休息三个核心维度，为不同阶段的健身爱好者提供全面指南，助你少走弯路、高效进阶。</p><h2>训练规划：精准定位，循序渐进</h2><p>健身前首先要明确目标，是增肌、减脂、塑形还是提升体能？不同目标对应不同的训练方案。新手建议从复合动作入手，复合动作能同时调动多个肌群，效率更高，还能打好身体基础，比如深蹲、卧推、硬拉、划船等。初期无需追求大重量，重点在于规范动作姿势，避免因发力错误受伤，每周训练 3-4 次，每次 40-60 分钟，给身体足够的适应时间。</p><p>减脂人群需以有氧运动为主，结合适量力量训练。有氧运动可选择跑步、游泳、跳绳等，每周进行 3-5 次，每次 30 分钟以上，能有效燃烧脂肪；力量训练则能增加肌肉量，提高基础代谢，让身体变成 “易瘦体质”，建议每周 2-3 次，针对主要肌群进行训练。增肌人群则应侧重力量训练，采用 “渐进超负荷” 原则，逐渐增加训练重量或次数，刺激肌肉生长，每组动作 8-12 次，每组间休息 60-90 秒，每周训练 4-5 次，确保每个肌群得到充分刺激。</p><p>进阶阶段要避免训练模式固化，定期调整训练计划，比如更换动作、调整重量、改变组间休息时间等，打破身体适应期，突破平台期。同时，要注重薄弱肌群的强化，比如很多人胸背训练不均衡，容易导致体态问题，需针对性补充训练。</p><h2>营养补充：三分练，七分吃</h2><p>健身效果的达成，营养补充占比绝不低于训练本身。减脂期并非 “节食挨饿”，而是要制造合理的热量缺口，每天热量缺口控制在 300-500 大卡为宜，既能减脂又不影响身体健康。饮食上要保证高蛋白、高纤维、低糖低脂，蛋白质可选择鸡胸肉、鱼虾、鸡蛋、牛奶、豆制品等，每餐摄入足量蛋白质能增强饱腹感，减少肌肉流失；碳水化合物应选择糙米、燕麦、玉米等复合碳水，避免精制碳水；多吃蔬菜和低糖水果，补充维生素和膳食纤维。</p><p>增肌期则需要制造热量盈余，每天比日常消耗多摄入 200-500 大卡，为肌肉生长提供充足能量。蛋白质摄入量要比减脂期更高，每公斤体重每天 1.6-2.2 克，碳水化合物也要足量补充，为训练提供动力，同时适量摄入健康脂肪，如牛油果、坚果、橄榄油等，有助于激素分泌。</p><p>训练后的营养补充尤为关键，运动后 30-60 分钟是身体吸收营养的黄金窗口，此时摄入适量蛋白质和碳水化合物，能快速修复受损肌肉，促进恢复。此外，每天要保证 2000-3000 毫升水分摄入，运动后及时补水，避免脱水影响身体机能。</p><h2>恢复休息：给身体生长和修复的时间</h2><p>很多人误以为训练越密集效果越好，实则不然，肌肉是在休息中生长的，过度训练不仅会导致疲劳堆积，还可能引发运动损伤。成年人每天应保证 7-9 小时睡眠，深度睡眠时身体会分泌生长激素，促进肌肉修复和生长。</p><p>除了睡眠，训练后的主动恢复也很重要，比如进行拉伸、泡沫轴放松、瑜伽等，能缓解肌肉酸痛，改善身体柔韧性。同时，要给每个肌群足够的恢复时间，同一肌群训练后至少休息 48 小时，避免连续训练导致肌肉过度疲劳。</p><p>此外，要关注身体的信号，若出现持续疲劳、睡眠质量下降、训练时力量明显下滑等情况，可能是过度训练的征兆，需及时调整训练计划，增加休息时间。心理状态也会影响健身效果，保持积极乐观的心态，避免因短期看不到效果而放弃，健身是长期坚持的过程，循序渐进才能收获理想成果。</p><p>健身是一场与自己的较量，需要科学的方法、坚定的毅力和足够的耐心。无论是新手还是进阶者，都要根据自身情况制定合理的计划，兼顾训练、营养和恢复，避开盲目训练、过度节食等误区。相信只要坚持下去，你不仅能收获理想的身材，更能拥有健康的体魄和积极向上的生活状态。</p>', 0, '管理员', '2025-12-06 20:45:00', '管理员', '2025-12-06 20:45:00');
INSERT INTO `announcement` VALUES (22, '权威健身资讯：运动 + 饮食双管齐下', 1, 11049, '<p><img src=\"http://localhost:9000/img/0f27e829cdc04e80930de63132d7488d.png\" contenteditable=\"false\"/><br/></p><h1>科学健身全攻略：从新手入门到高效进阶，避开误区练出理想身材</h1><p>健身早已不是小众潮流，而是成为越来越多人追求健康生活的重要方式。但很多人在健身路上容易陷入 “盲目训练、效果不佳” 的困境 —— 新手不知如何起步，老手遭遇平台期难以突破，还有人因错误方法导致运动损伤。本文结合科学健身理念与实用技巧，从训练规划、营养补充、恢复休息三个核心维度，为不同阶段的健身爱好者提供全面指南，助你少走弯路、高效进阶。</p><h2>训练规划：精准定位，循序渐进</h2><p>健身前首先要明确目标，是增肌、减脂、塑形还是提升体能？不同目标对应不同的训练方案。新手建议从复合动作入手，复合动作能同时调动多个肌群，效率更高，还能打好身体基础，比如深蹲、卧推、硬拉、划船等。初期无需追求大重量，重点在于规范动作姿势，避免因发力错误受伤，每周训练 3-4 次，每次 40-60 分钟，给身体足够的适应时间。</p><p>减脂人群需以有氧运动为主，结合适量力量训练。有氧运动可选择跑步、游泳、跳绳等，每周进行 3-5 次，每次 30 分钟以上，能有效燃烧脂肪；力量训练则能增加肌肉量，提高基础代谢，让身体变成 “易瘦体质”，建议每周 2-3 次，针对主要肌群进行训练。增肌人群则应侧重力量训练，采用 “渐进超负荷” 原则，逐渐增加训练重量或次数，刺激肌肉生长，每组动作 8-12 次，每组间休息 60-90 秒，每周训练 4-5 次，确保每个肌群得到充分刺激。</p><p>进阶阶段要避免训练模式固化，定期调整训练计划，比如更换动作、调整重量、改变组间休息时间等，打破身体适应期，突破平台期。同时，要注重薄弱肌群的强化，比如很多人胸背训练不均衡，容易导致体态问题，需针对性补充训练。</p><h2>营养补充：三分练，七分吃</h2><p>健身效果的达成，营养补充占比绝不低于训练本身。减脂期并非 “节食挨饿”，而是要制造合理的热量缺口，每天热量缺口控制在 300-500 大卡为宜，既能减脂又不影响身体健康。饮食上要保证高蛋白、高纤维、低糖低脂，蛋白质可选择鸡胸肉、鱼虾、鸡蛋、牛奶、豆制品等，每餐摄入足量蛋白质能增强饱腹感，减少肌肉流失；碳水化合物应选择糙米、燕麦、玉米等复合碳水，避免精制碳水；多吃蔬菜和低糖水果，补充维生素和膳食纤维。</p><p>增肌期则需要制造热量盈余，每天比日常消耗多摄入 200-500 大卡，为肌肉生长提供充足能量。蛋白质摄入量要比减脂期更高，每公斤体重每天 1.6-2.2 克，碳水化合物也要足量补充，为训练提供动力，同时适量摄入健康脂肪，如牛油果、坚果、橄榄油等，有助于激素分泌。</p><p>训练后的营养补充尤为关键，运动后 30-60 分钟是身体吸收营养的黄金窗口，此时摄入适量蛋白质和碳水化合物，能快速修复受损肌肉，促进恢复。此外，每天要保证 2000-3000 毫升水分摄入，运动后及时补水，避免脱水影响身体机能。</p><h2>恢复休息：给身体生长和修复的时间</h2><p>很多人误以为训练越密集效果越好，实则不然，肌肉是在休息中生长的，过度训练不仅会导致疲劳堆积，还可能引发运动损伤。成年人每天应保证 7-9 小时睡眠，深度睡眠时身体会分泌生长激素，促进肌肉修复和生长。</p><p>除了睡眠，训练后的主动恢复也很重要，比如进行拉伸、泡沫轴放松、瑜伽等，能缓解肌肉酸痛，改善身体柔韧性。同时，要给每个肌群足够的恢复时间，同一肌群训练后至少休息 48 小时，避免连续训练导致肌肉过度疲劳。</p><p>此外，要关注身体的信号，若出现持续疲劳、睡眠质量下降、训练时力量明显下滑等情况，可能是过度训练的征兆，需及时调整训练计划，增加休息时间。心理状态也会影响健身效果，保持积极乐观的心态，避免因短期看不到效果而放弃，健身是长期坚持的过程，循序渐进才能收获理想成果。</p><p>健身是一场与自己的较量，需要科学的方法、坚定的毅力和足够的耐心。无论是新手还是进阶者，都要根据自身情况制定合理的计划，兼顾训练、营养和恢复，避开盲目训练、过度节食等误区。相信只要坚持下去，你不仅能收获理想的身材，更能拥有健康的体魄和积极向上的生活状态。</p>', 0, '管理员', '2025-12-06 20:45:00', '管理员', '2025-12-06 20:45:00');
INSERT INTO `announcement` VALUES (24, '健身系统更新公告：体验全面提升', 2, NULL, '<p><img src=\"http://localhost:9000/img/0f27e829cdc04e80930de63132d7488d.png\" contenteditable=\"false\"/><br/></p><h1>科学健身全攻略：从新手入门到高效进阶，避开误区练出理想身材</h1><p>健身早已不是小众潮流，而是成为越来越多人追求健康生活的重要方式。但很多人在健身路上容易陷入 “盲目训练、效果不佳” 的困境 —— 新手不知如何起步，老手遭遇平台期难以突破，还有人因错误方法导致运动损伤。本文结合科学健身理念与实用技巧，从训练规划、营养补充、恢复休息三个核心维度，为不同阶段的健身爱好者提供全面指南，助你少走弯路、高效进阶。</p><h2>训练规划：精准定位，循序渐进</h2><p>健身前首先要明确目标，是增肌、减脂、塑形还是提升体能？不同目标对应不同的训练方案。新手建议从复合动作入手，复合动作能同时调动多个肌群，效率更高，还能打好身体基础，比如深蹲、卧推、硬拉、划船等。初期无需追求大重量，重点在于规范动作姿势，避免因发力错误受伤，每周训练 3-4 次，每次 40-60 分钟，给身体足够的适应时间。</p><p>减脂人群需以有氧运动为主，结合适量力量训练。有氧运动可选择跑步、游泳、跳绳等，每周进行 3-5 次，每次 30 分钟以上，能有效燃烧脂肪；力量训练则能增加肌肉量，提高基础代谢，让身体变成 “易瘦体质”，建议每周 2-3 次，针对主要肌群进行训练。增肌人群则应侧重力量训练，采用 “渐进超负荷” 原则，逐渐增加训练重量或次数，刺激肌肉生长，每组动作 8-12 次，每组间休息 60-90 秒，每周训练 4-5 次，确保每个肌群得到充分刺激。</p><p>进阶阶段要避免训练模式固化，定期调整训练计划，比如更换动作、调整重量、改变组间休息时间等，打破身体适应期，突破平台期。同时，要注重薄弱肌群的强化，比如很多人胸背训练不均衡，容易导致体态问题，需针对性补充训练。</p><h2>营养补充：三分练，七分吃</h2><p>健身效果的达成，营养补充占比绝不低于训练本身。减脂期并非 “节食挨饿”，而是要制造合理的热量缺口，每天热量缺口控制在 300-500 大卡为宜，既能减脂又不影响身体健康。饮食上要保证高蛋白、高纤维、低糖低脂，蛋白质可选择鸡胸肉、鱼虾、鸡蛋、牛奶、豆制品等，每餐摄入足量蛋白质能增强饱腹感，减少肌肉流失；碳水化合物应选择糙米、燕麦、玉米等复合碳水，避免精制碳水；多吃蔬菜和低糖水果，补充维生素和膳食纤维。</p><p>增肌期则需要制造热量盈余，每天比日常消耗多摄入 200-500 大卡，为肌肉生长提供充足能量。蛋白质摄入量要比减脂期更高，每公斤体重每天 1.6-2.2 克，碳水化合物也要足量补充，为训练提供动力，同时适量摄入健康脂肪，如牛油果、坚果、橄榄油等，有助于激素分泌。</p><p>训练后的营养补充尤为关键，运动后 30-60 分钟是身体吸收营养的黄金窗口，此时摄入适量蛋白质和碳水化合物，能快速修复受损肌肉，促进恢复。此外，每天要保证 2000-3000 毫升水分摄入，运动后及时补水，避免脱水影响身体机能。</p><h2>恢复休息：给身体生长和修复的时间</h2><p>很多人误以为训练越密集效果越好，实则不然，肌肉是在休息中生长的，过度训练不仅会导致疲劳堆积，还可能引发运动损伤。成年人每天应保证 7-9 小时睡眠，深度睡眠时身体会分泌生长激素，促进肌肉修复和生长。</p><p>除了睡眠，训练后的主动恢复也很重要，比如进行拉伸、泡沫轴放松、瑜伽等，能缓解肌肉酸痛，改善身体柔韧性。同时，要给每个肌群足够的恢复时间，同一肌群训练后至少休息 48 小时，避免连续训练导致肌肉过度疲劳。</p><p>此外，要关注身体的信号，若出现持续疲劳、睡眠质量下降、训练时力量明显下滑等情况，可能是过度训练的征兆，需及时调整训练计划，增加休息时间。心理状态也会影响健身效果，保持积极乐观的心态，避免因短期看不到效果而放弃，健身是长期坚持的过程，循序渐进才能收获理想成果。</p><p>健身是一场与自己的较量，需要科学的方法、坚定的毅力和足够的耐心。无论是新手还是进阶者，都要根据自身情况制定合理的计划，兼顾训练、营养和恢复，避开盲目训练、过度节食等误区。相信只要坚持下去，你不仅能收获理想的身材，更能拥有健康的体魄和积极向上的生活状态。</p>', 0, '管理员', '2025-12-06 20:45:00', '管理员', '2025-12-06 20:45:00');
INSERT INTO `announcement` VALUES (25, '健身系统安全升级：数据保障通知', 2, NULL, '<p><img src=\"http://localhost:9000/img/0f27e829cdc04e80930de63132d7488d.png\" contenteditable=\"false\"/><br/></p><h1>科学健身全攻略：从新手入门到高效进阶，避开误区练出理想身材</h1><p>健身早已不是小众潮流，而是成为越来越多人追求健康生活的重要方式。但很多人在健身路上容易陷入 “盲目训练、效果不佳” 的困境 —— 新手不知如何起步，老手遭遇平台期难以突破，还有人因错误方法导致运动损伤。本文结合科学健身理念与实用技巧，从训练规划、营养补充、恢复休息三个核心维度，为不同阶段的健身爱好者提供全面指南，助你少走弯路、高效进阶。</p><h2>训练规划：精准定位，循序渐进</h2><p>健身前首先要明确目标，是增肌、减脂、塑形还是提升体能？不同目标对应不同的训练方案。新手建议从复合动作入手，复合动作能同时调动多个肌群，效率更高，还能打好身体基础，比如深蹲、卧推、硬拉、划船等。初期无需追求大重量，重点在于规范动作姿势，避免因发力错误受伤，每周训练 3-4 次，每次 40-60 分钟，给身体足够的适应时间。</p><p>减脂人群需以有氧运动为主，结合适量力量训练。有氧运动可选择跑步、游泳、跳绳等，每周进行 3-5 次，每次 30 分钟以上，能有效燃烧脂肪；力量训练则能增加肌肉量，提高基础代谢，让身体变成 “易瘦体质”，建议每周 2-3 次，针对主要肌群进行训练。增肌人群则应侧重力量训练，采用 “渐进超负荷” 原则，逐渐增加训练重量或次数，刺激肌肉生长，每组动作 8-12 次，每组间休息 60-90 秒，每周训练 4-5 次，确保每个肌群得到充分刺激。</p><p>进阶阶段要避免训练模式固化，定期调整训练计划，比如更换动作、调整重量、改变组间休息时间等，打破身体适应期，突破平台期。同时，要注重薄弱肌群的强化，比如很多人胸背训练不均衡，容易导致体态问题，需针对性补充训练。</p><h2>营养补充：三分练，七分吃</h2><p>健身效果的达成，营养补充占比绝不低于训练本身。减脂期并非 “节食挨饿”，而是要制造合理的热量缺口，每天热量缺口控制在 300-500 大卡为宜，既能减脂又不影响身体健康。饮食上要保证高蛋白、高纤维、低糖低脂，蛋白质可选择鸡胸肉、鱼虾、鸡蛋、牛奶、豆制品等，每餐摄入足量蛋白质能增强饱腹感，减少肌肉流失；碳水化合物应选择糙米、燕麦、玉米等复合碳水，避免精制碳水；多吃蔬菜和低糖水果，补充维生素和膳食纤维。</p><p>增肌期则需要制造热量盈余，每天比日常消耗多摄入 200-500 大卡，为肌肉生长提供充足能量。蛋白质摄入量要比减脂期更高，每公斤体重每天 1.6-2.2 克，碳水化合物也要足量补充，为训练提供动力，同时适量摄入健康脂肪，如牛油果、坚果、橄榄油等，有助于激素分泌。</p><p>训练后的营养补充尤为关键，运动后 30-60 分钟是身体吸收营养的黄金窗口，此时摄入适量蛋白质和碳水化合物，能快速修复受损肌肉，促进恢复。此外，每天要保证 2000-3000 毫升水分摄入，运动后及时补水，避免脱水影响身体机能。</p><h2>恢复休息：给身体生长和修复的时间</h2><p>很多人误以为训练越密集效果越好，实则不然，肌肉是在休息中生长的，过度训练不仅会导致疲劳堆积，还可能引发运动损伤。成年人每天应保证 7-9 小时睡眠，深度睡眠时身体会分泌生长激素，促进肌肉修复和生长。</p><p>除了睡眠，训练后的主动恢复也很重要，比如进行拉伸、泡沫轴放松、瑜伽等，能缓解肌肉酸痛，改善身体柔韧性。同时，要给每个肌群足够的恢复时间，同一肌群训练后至少休息 48 小时，避免连续训练导致肌肉过度疲劳。</p><p>此外，要关注身体的信号，若出现持续疲劳、睡眠质量下降、训练时力量明显下滑等情况，可能是过度训练的征兆，需及时调整训练计划，增加休息时间。心理状态也会影响健身效果，保持积极乐观的心态，避免因短期看不到效果而放弃，健身是长期坚持的过程，循序渐进才能收获理想成果。</p><p>健身是一场与自己的较量，需要科学的方法、坚定的毅力和足够的耐心。无论是新手还是进阶者，都要根据自身情况制定合理的计划，兼顾训练、营养和恢复，避开盲目训练、过度节食等误区。相信只要坚持下去，你不仅能收获理想的身材，更能拥有健康的体魄和积极向上的生活状态。</p>', 0, '管理员', '2025-12-06 20:45:00', '管理员', '2025-12-06 20:45:00');
INSERT INTO `announcement` VALUES (26, '健身系统规则调整：预约流程变更', 2, NULL, '<p><img src=\"http://localhost:9000/img/0f27e829cdc04e80930de63132d7488d.png\" contenteditable=\"false\"/><br/></p><h1>科学健身全攻略：从新手入门到高效进阶，避开误区练出理想身材</h1><p>健身早已不是小众潮流，而是成为越来越多人追求健康生活的重要方式。但很多人在健身路上容易陷入 “盲目训练、效果不佳” 的困境 —— 新手不知如何起步，老手遭遇平台期难以突破，还有人因错误方法导致运动损伤。本文结合科学健身理念与实用技巧，从训练规划、营养补充、恢复休息三个核心维度，为不同阶段的健身爱好者提供全面指南，助你少走弯路、高效进阶。</p><h2>训练规划：精准定位，循序渐进</h2><p>健身前首先要明确目标，是增肌、减脂、塑形还是提升体能？不同目标对应不同的训练方案。新手建议从复合动作入手，复合动作能同时调动多个肌群，效率更高，还能打好身体基础，比如深蹲、卧推、硬拉、划船等。初期无需追求大重量，重点在于规范动作姿势，避免因发力错误受伤，每周训练 3-4 次，每次 40-60 分钟，给身体足够的适应时间。</p><p>减脂人群需以有氧运动为主，结合适量力量训练。有氧运动可选择跑步、游泳、跳绳等，每周进行 3-5 次，每次 30 分钟以上，能有效燃烧脂肪；力量训练则能增加肌肉量，提高基础代谢，让身体变成 “易瘦体质”，建议每周 2-3 次，针对主要肌群进行训练。增肌人群则应侧重力量训练，采用 “渐进超负荷” 原则，逐渐增加训练重量或次数，刺激肌肉生长，每组动作 8-12 次，每组间休息 60-90 秒，每周训练 4-5 次，确保每个肌群得到充分刺激。</p><p>进阶阶段要避免训练模式固化，定期调整训练计划，比如更换动作、调整重量、改变组间休息时间等，打破身体适应期，突破平台期。同时，要注重薄弱肌群的强化，比如很多人胸背训练不均衡，容易导致体态问题，需针对性补充训练。</p><h2>营养补充：三分练，七分吃</h2><p>健身效果的达成，营养补充占比绝不低于训练本身。减脂期并非 “节食挨饿”，而是要制造合理的热量缺口，每天热量缺口控制在 300-500 大卡为宜，既能减脂又不影响身体健康。饮食上要保证高蛋白、高纤维、低糖低脂，蛋白质可选择鸡胸肉、鱼虾、鸡蛋、牛奶、豆制品等，每餐摄入足量蛋白质能增强饱腹感，减少肌肉流失；碳水化合物应选择糙米、燕麦、玉米等复合碳水，避免精制碳水；多吃蔬菜和低糖水果，补充维生素和膳食纤维。</p><p>增肌期则需要制造热量盈余，每天比日常消耗多摄入 200-500 大卡，为肌肉生长提供充足能量。蛋白质摄入量要比减脂期更高，每公斤体重每天 1.6-2.2 克，碳水化合物也要足量补充，为训练提供动力，同时适量摄入健康脂肪，如牛油果、坚果、橄榄油等，有助于激素分泌。</p><p>训练后的营养补充尤为关键，运动后 30-60 分钟是身体吸收营养的黄金窗口，此时摄入适量蛋白质和碳水化合物，能快速修复受损肌肉，促进恢复。此外，每天要保证 2000-3000 毫升水分摄入，运动后及时补水，避免脱水影响身体机能。</p><h2>恢复休息：给身体生长和修复的时间</h2><p>很多人误以为训练越密集效果越好，实则不然，肌肉是在休息中生长的，过度训练不仅会导致疲劳堆积，还可能引发运动损伤。成年人每天应保证 7-9 小时睡眠，深度睡眠时身体会分泌生长激素，促进肌肉修复和生长。</p><p>除了睡眠，训练后的主动恢复也很重要，比如进行拉伸、泡沫轴放松、瑜伽等，能缓解肌肉酸痛，改善身体柔韧性。同时，要给每个肌群足够的恢复时间，同一肌群训练后至少休息 48 小时，避免连续训练导致肌肉过度疲劳。</p><p>此外，要关注身体的信号，若出现持续疲劳、睡眠质量下降、训练时力量明显下滑等情况，可能是过度训练的征兆，需及时调整训练计划，增加休息时间。心理状态也会影响健身效果，保持积极乐观的心态，避免因短期看不到效果而放弃，健身是长期坚持的过程，循序渐进才能收获理想成果。</p><p>健身是一场与自己的较量，需要科学的方法、坚定的毅力和足够的耐心。无论是新手还是进阶者，都要根据自身情况制定合理的计划，兼顾训练、营养和恢复，避开盲目训练、过度节食等误区。相信只要坚持下去，你不仅能收获理想的身材，更能拥有健康的体魄和积极向上的生活状态。</p>', 0, '管理员', '2025-12-06 20:45:00', '管理员', '2025-12-06 20:45:00');

-- ----------------------------
-- Table structure for carousel
-- ----------------------------
DROP TABLE IF EXISTS `carousel`;
CREATE TABLE `carousel`  (
  `id` int NOT NULL AUTO_INCREMENT COMMENT '主键',
  `name` varchar(50) CHARACTER SET utf8mb4 COLLATE utf8mb4_general_ci NULL DEFAULT NULL COMMENT '轮播图名称',
  `url` varchar(255) CHARACTER SET utf8mb4 COLLATE utf8mb4_general_ci NULL DEFAULT NULL COMMENT '图片',
  `sort` int NULL DEFAULT NULL COMMENT '排序',
  `deleted` tinyint(1) NULL DEFAULT NULL COMMENT '删除标志，1 表示删除',
  `create_user` varchar(25) CHARACTER SET utf8mb4 COLLATE utf8mb4_general_ci NULL DEFAULT NULL COMMENT '创建人',
  `create_time` datetime NULL DEFAULT NULL COMMENT '创建时间',
  `modify_user` varchar(25) CHARACTER SET utf8mb4 COLLATE utf8mb4_general_ci NULL DEFAULT NULL COMMENT '修改人',
  `modify_time` datetime NULL DEFAULT NULL COMMENT '修改时间',
  PRIMARY KEY (`id`) USING BTREE
) ENGINE = InnoDB AUTO_INCREMENT = 41 CHARACTER SET = utf8mb4 COLLATE = utf8mb4_general_ci ROW_FORMAT = DYNAMIC;

-- ----------------------------
-- Records of carousel
-- ----------------------------
INSERT INTO `carousel` VALUES (38, '轮播图', 'http://localhost:9000/img/47dc19f5b9a34287adfe1b0028c991fd.png', 7, 0, '管理员', '2025-12-06 20:45:00', '管理员', '2025-12-06 20:45:00');
INSERT INTO `carousel` VALUES (39, '轮播图', 'http://localhost:9000/img/f3217bb5d7354f188249c56e7d1b16ae.png', 9, 0, '管理员', '2025-12-06 20:45:00', '管理员', '2025-12-06 20:45:00');
INSERT INTO `carousel` VALUES (40, '轮播图', 'http://localhost:9000/img/ce9a02796a024b75b69b7e9592683d6d.png', 18, 0, '管理员', '2025-12-06 20:45:00', '管理员', '2025-12-06 20:45:00');
INSERT INTO `carousel` VALUES (41, '轮播图', 'http://localhost:9000/img/21eebfe8c50a4225830ad86dda51ead3.png', 33, 0, '管理员', '2025-12-06 20:45:00', '管理员', '2025-12-06 20:45:00');

-- ----------------------------
-- Table structure for category
-- ----------------------------
DROP TABLE IF EXISTS `category`;
CREATE TABLE `category`  (
  `id` int NOT NULL AUTO_INCREMENT COMMENT '主键',
  `name` varchar(50) CHARACTER SET utf8mb4 COLLATE utf8mb4_general_ci NULL DEFAULT NULL COMMENT '分类',
  `sort` int NULL DEFAULT NULL COMMENT '排序',
  `deleted` tinyint(1) NULL DEFAULT NULL COMMENT '删除标志，1 表示删除',
  `create_user` varchar(25) CHARACTER SET utf8mb4 COLLATE utf8mb4_general_ci NULL DEFAULT NULL COMMENT '创建人',
  `create_time` datetime NULL DEFAULT NULL COMMENT '创建时间',
  `modify_user` varchar(25) CHARACTER SET utf8mb4 COLLATE utf8mb4_general_ci NULL DEFAULT NULL COMMENT '修改人',
  `modify_time` datetime NULL DEFAULT NULL COMMENT '修改时间',
  PRIMARY KEY (`id`) USING BTREE
) ENGINE = InnoDB AUTO_INCREMENT = 28 CHARACTER SET = utf8mb4 COLLATE = utf8mb4_general_ci ROW_FORMAT = DYNAMIC;

-- ----------------------------
-- Records of category
-- ----------------------------
INSERT INTO `category` VALUES (23, '减脂餐食', 5, 0, '管理员', '2025-12-06 20:45:00', '管理员', '2025-12-06 20:45:00');
INSERT INTO `category` VALUES (26, '能量补充餐', 10, 0, '管理员', '2025-12-06 20:45:00', '管理员', '2025-12-06 20:45:00');

-- ----------------------------
-- Table structure for classification
-- ----------------------------
DROP TABLE IF EXISTS `classification`;
CREATE TABLE `classification`  (
  `id` int NOT NULL AUTO_INCREMENT COMMENT '主键',
  `name` varchar(50) CHARACTER SET utf8mb4 COLLATE utf8mb4_general_ci NULL DEFAULT NULL COMMENT '分类',
  `sort` int NULL DEFAULT NULL COMMENT '排序',
  `deleted` tinyint(1) NULL DEFAULT NULL COMMENT '删除标志，1 表示删除',
  `create_user` varchar(25) CHARACTER SET utf8mb4 COLLATE utf8mb4_general_ci NULL DEFAULT NULL COMMENT '创建人',
  `create_time` datetime NULL DEFAULT NULL COMMENT '创建时间',
  `modify_user` varchar(25) CHARACTER SET utf8mb4 COLLATE utf8mb4_general_ci NULL DEFAULT NULL COMMENT '修改人',
  `modify_time` datetime NULL DEFAULT NULL COMMENT '修改时间',
  PRIMARY KEY (`id`) USING BTREE
) ENGINE = InnoDB AUTO_INCREMENT = 29 CHARACTER SET = utf8mb4 COLLATE = utf8mb4_general_ci ROW_FORMAT = DYNAMIC;

-- ----------------------------
-- Records of classification
-- ----------------------------
INSERT INTO `classification` VALUES (23, '减脂燃脂类', 5, 0, '管理员', '2025-12-06 20:45:00', '管理员', '2025-12-06 20:45:00');
INSERT INTO `classification` VALUES (26, '增肌塑形类', 10, 0, '管理员', '2025-12-06 20:45:00', '管理员', '2025-12-06 20:45:00');

-- ----------------------------
-- Table structure for coach
-- ----------------------------
DROP TABLE IF EXISTS `coach`;
CREATE TABLE `coach`  (
  `id` int NOT NULL AUTO_INCREMENT COMMENT '主键',
  `name` varchar(25) CHARACTER SET utf8mb4 COLLATE utf8mb4_general_ci NULL DEFAULT NULL COMMENT '姓名',
  `username` varchar(35) CHARACTER SET utf8mb4 COLLATE utf8mb4_general_ci NULL DEFAULT NULL COMMENT '账号',
  `password` varchar(255) CHARACTER SET utf8mb4 COLLATE utf8mb4_general_ci NULL DEFAULT NULL COMMENT '密码',
  `phone` varchar(15) CHARACTER SET utf8mb4 COLLATE utf8mb4_general_ci NULL DEFAULT NULL COMMENT '手机号',
  `url` varchar(255) CHARACTER SET utf8mb4 COLLATE utf8mb4_general_ci NULL DEFAULT NULL COMMENT '封面',
  `birthday` datetime NULL DEFAULT NULL COMMENT '出生日期',
  `address` varchar(255) CHARACTER SET utf8mb4 COLLATE utf8mb4_general_ci NULL DEFAULT NULL COMMENT '地址',
  `introduce_content` text CHARACTER SET utf8mb4 COLLATE utf8mb4_general_ci NULL COMMENT '介绍',
  `sex` tinyint NULL DEFAULT NULL COMMENT '性别，1 男 2 女',
  `deleted` tinyint(1) NULL DEFAULT NULL COMMENT '删除标志，1 表示删除',
  `create_user` varchar(25) CHARACTER SET utf8mb4 COLLATE utf8mb4_general_ci NULL DEFAULT NULL COMMENT '创建人',
  `create_time` datetime NULL DEFAULT NULL COMMENT '创建时间',
  `modify_user` varchar(25) CHARACTER SET utf8mb4 COLLATE utf8mb4_general_ci NULL DEFAULT NULL COMMENT '修改人',
  `modify_time` datetime NULL DEFAULT NULL COMMENT '修改时间',
  `enable` tinyint NULL DEFAULT NULL COMMENT '是否启用，1启用',
  PRIMARY KEY (`id`) USING BTREE
) ENGINE = InnoDB AUTO_INCREMENT = 11047 CHARACTER SET = utf8mb4 COLLATE = utf8mb4_general_ci ROW_FORMAT = DYNAMIC;

-- ----------------------------
-- Records of coach
-- ----------------------------
INSERT INTO `coach` VALUES (11049, '张翔', '1', '$2a$10$zC9tcYtB7twew9dAyMNFDeoNY6b/uPtGYjKYSObGHatT1CMD/DK06', '13500909887', 'http://localhost:9000/img/97f334fd26a242f8b8273a787d42a14b.png', '2025-12-06 20:45:00', '1111', NULL, 1, 0, '', '2025-12-06 20:45:00', '张翔', '2025-12-06 20:45:00', 1);
INSERT INTO `coach` VALUES (11050, '吴迪', '2', '$2a$10$6Sv3NCOerG1gtcu6f/1wCefSSeHehojOj5bTsXvYHX/EPb8ru4kuC', '13555544555', 'http://localhost:9000/img/7589207e982d4d45b7bd56af338d81bb.png', '2025-12-06 20:45:00', '朝阳区', NULL, 1, 0, '', '2025-12-06 20:45:00', '吴迪', '2025-12-06 20:45:00', 1);

-- ----------------------------
-- Table structure for course
-- ----------------------------
DROP TABLE IF EXISTS `course`;
CREATE TABLE `course`  (
  `id` int NOT NULL AUTO_INCREMENT COMMENT '主键',
  `name` varchar(25) CHARACTER SET utf8mb4 COLLATE utf8mb4_general_ci NULL DEFAULT NULL COMMENT '课程名称',
  `coach_id` int NULL DEFAULT NULL COMMENT '教练',
  `price` int NULL DEFAULT NULL COMMENT '价格',
  `classification_id` int NULL DEFAULT NULL COMMENT '分类',
  `simple_desc` varchar(255) CHARACTER SET utf8mb4 COLLATE utf8mb4_general_ci NULL DEFAULT NULL COMMENT '简单描述',
  `cover_url` varchar(255) CHARACTER SET utf8mb4 COLLATE utf8mb4_general_ci NULL DEFAULT NULL COMMENT '课程封面',
  `content` text CHARACTER SET utf8mb4 COLLATE utf8mb4_general_ci NULL COMMENT '课程内容',
  `course_time` datetime NULL DEFAULT NULL COMMENT '课程时间',
  `limit_number` int NULL DEFAULT NULL COMMENT '限制人数',
  `audit_desc` varchar(255) CHARACTER SET utf8mb4 COLLATE utf8mb4_general_ci NULL DEFAULT NULL COMMENT '审核描述',
  `audit_status` int NULL DEFAULT NULL COMMENT '审核状态：1 待审核、2 审核驳回、3 审核通过',
  `recommended_score` int NULL DEFAULT NULL COMMENT '推荐指数',
  `deleted` tinyint(1) NULL DEFAULT NULL COMMENT '删除标志，1 表示删除',
  `create_user` varchar(25) CHARACTER SET utf8mb4 COLLATE utf8mb4_general_ci NULL DEFAULT NULL COMMENT '创建人',
  `create_time` datetime NULL DEFAULT NULL COMMENT '创建时间',
  `modify_user` varchar(25) CHARACTER SET utf8mb4 COLLATE utf8mb4_general_ci NULL DEFAULT NULL COMMENT '修改人',
  `modify_time` datetime NULL DEFAULT NULL COMMENT '修改时间',
  PRIMARY KEY (`id`) USING BTREE
) ENGINE = InnoDB AUTO_INCREMENT = 11048 CHARACTER SET = utf8mb4 COLLATE = utf8mb4_general_ci ROW_FORMAT = DYNAMIC;

-- ----------------------------
-- Records of course
-- ----------------------------
INSERT INTO `course` VALUES (11047, '全身肌群雕刻私教课', 11049, 380, 26, '精准刺激肌群，科学增肌 + 线条塑形双达标', 'http://localhost:9000/img/d61d415aba7e4b639657bd0391c31960.png', '<p><img src=\"http://localhost:9000/img/b4c313e2ab8442f78bafc572caf34836.png\" contenteditable=\"false\"/></p>', '2025-12-06 20:45:00', 10, '同意', 3, 5, 0, '管理员', '2025-12-06 20:45:00', '管理员', '2025-12-06 20:45:00');
INSERT INTO `course` VALUES (11048, '莱美搏击操', 11050, 50, 23, '武术动作启发，非接触大运动量燃脂', 'http://localhost:9000/img/575c9faa3bf748179e5963406b3d0d69.png', '<p><img src=\"http://localhost:9000/img/b4c313e2ab8442f78bafc572caf34836.png\" contenteditable=\"false\"/></p>', '2025-12-06 20:45:00', 10, '同意', 3, 5, 0, '管理员', '2025-12-06 20:45:00', '管理员', '2025-12-06 20:45:00');
INSERT INTO `course` VALUES (11049, '胸背肩三角强化课', 11049, 350, 26, '复合动作主导，打造挺拔上半身肌肉轮廓', 'http://localhost:9000/img/cffb31276cd246eb8dff14a9d5ab9653.png', '<p><img src=\"http://localhost:9000/img/b4c313e2ab8442f78bafc572caf34836.png\" contenteditable=\"false\"/></p>', '2025-12-06 20:45:00', 10, '同意', 3, 5, 0, '管理员', '2025-12-06 20:45:00', '管理员', '2025-12-06 20:45:00');
INSERT INTO `course` VALUES (11050, '臀腿塑形增力专项课', 11049, 400, 26, '渐进超负荷训练，塑造饱满翘臀 + 紧致腿型', 'http://localhost:9000/img/82dc1da357fb4172a9807d5fcdd5aaea.png', '<p><img src=\"http://localhost:9000/img/b4c313e2ab8442f78bafc572caf34836.png\" contenteditable=\"false\"/></p>', '2025-12-06 20:45:00', 10, '同意', 3, 5, 0, '管理员', '2025-12-06 20:45:00', '管理员', '2025-12-06 20:45:00');
INSERT INTO `course` VALUES (11051, '核心雕刻马甲线课程', 11050, 320, 26, '无卷腹高效训练，唤醒腹肌打造紧致腰腹', 'http://localhost:9000/img/e0a546bbdbcd4874aa0fe2f89250c49c.png', '<p><img src=\"http://localhost:9000/img/b4c313e2ab8442f78bafc572caf34836.png\" contenteditable=\"false\"/></p>', '2025-12-06 20:45:00', 10, '同意', 3, 5, 0, '管理员', '2025-12-06 20:45:00', '管理员', '2025-12-06 20:45:00');
INSERT INTO `course` VALUES (11052, '新手增肌入门系统课', 11050, 280, 26, '打破平台期，肌肉维度 + 力量双重提升', 'http://localhost:9000/img/913b0015bcad47b0af6846db9003e096.png', '<p><img src=\"http://localhost:9000/img/b4c313e2ab8442f78bafc572caf34836.png\" contenteditable=\"false\"/></p>', '2025-12-06 20:45:00', 10, '同意', 3, 5, 0, '管理员', '2025-12-06 20:45:00', '管理员', '2025-12-06 20:45:00');
INSERT INTO `course` VALUES (11053, '进阶突破增肌训练营', 11050, 420, 26, '打破平台期，肌肉维度 + 力量双重提升', 'http://localhost:9000/img/196f4ebbf26942e7ba25577f67b88b45.png', '<p><img src=\"http://localhost:9000/img/b4c313e2ab8442f78bafc572caf34836.png\" contenteditable=\"false\"/></p>', '2025-12-06 20:45:00', 10, '同意', 3, 5, 0, '管理员', '2025-12-06 20:45:00', '管理员', '2025-12-06 20:45:00');
INSERT INTO `course` VALUES (11054, 'RPM 室内脚踏车', 11050, 499, 23, '动感音乐配骑行，高效燃脂美腿护关节', 'http://localhost:9000/img/a33ec976a60946da9e2042183831d13d.png', '<p><img src=\"http://localhost:9000/img/b4c313e2ab8442f78bafc572caf34836.png\" contenteditable=\"false\"/></p>', '2025-12-06 20:45:00', 10, '同意', 3, 5, 0, '管理员', '2025-12-06 20:45:00', '管理员', '2025-12-06 20:45:00');
INSERT INTO `course` VALUES (11055, '极速减脂有氧操', 11050, 188, 23, '融芭蕾动作，13 堂视频课居家燃脂', 'http://localhost:9000/img/a900b3bfed644d7e840df4b53b447294.png', '<p><img src=\"http://localhost:9000/img/b4c313e2ab8442f78bafc572caf34836.png\" contenteditable=\"false\"/></p>', '2025-12-06 20:45:00', 10, '同意', 3, 5, 0, '管理员', '2025-12-06 20:45:00', '管理员', '2025-12-06 20:45:00');
INSERT INTO `course` VALUES (11056, 'Jo 姐 30 分钟燃脂 HIIT', 11049, 99, 23, '无深蹲不跳跃，膝盖友好突破减脂平台', 'http://localhost:9000/img/b6d03bed73034819b8048d040b5dce80.png', '<p><img src=\"http://localhost:9000/img/b4c313e2ab8442f78bafc572caf34836.png\" contenteditable=\"false\"/></p>', '2025-12-06 20:45:00', 10, '同意', 3, 5, 0, '管理员', '2025-12-06 20:45:00', '管理员', '2025-12-06 20:45:00');
INSERT INTO `course` VALUES (11057, '帕梅拉站立腰腹 HIIT', 11049, 88, 23, '站立式训练，心率飙升快速出马甲线', 'http://localhost:9000/img/708ab3ef66884de08a33aa827d1a4ce2.png', '<p><img src=\"http://localhost:9000/img/b4c313e2ab8442f78bafc572caf34836.png\" contenteditable=\"false\"/></p>', '2025-12-06 20:45:00', 10, '同意', 3, 5, 0, '管理员', '2025-12-06 20:45:00', '管理员', '2025-12-06 20:45:00');
INSERT INTO `course` VALUES (11058, 'BODYSTEP 踏板操', 11049, 85, 23, '踏板结合多元动作，燃脂紧实臀腿', 'http://localhost:9000/img/2967547a7d214488ae19f2520ff2b8fb.png', '<p><img src=\"http://localhost:9000/img/b4c313e2ab8442f78bafc572caf34836.png\" contenteditable=\"false\"/></p>', '2025-12-06 20:45:00', 10, '同意', 3, 5, 0, '管理员', '2025-12-06 20:45:00', '管理员', '2025-12-06 20:45:00');

-- ----------------------------
-- Table structure for course_appraise
-- ----------------------------
DROP TABLE IF EXISTS `course_appraise`;
CREATE TABLE `course_appraise`  (
  `id` int NOT NULL AUTO_INCREMENT COMMENT '主键',
  `course_id` int NOT NULL COMMENT '课程',
  `user_id` int NOT NULL COMMENT '用户',
  `content` text CHARACTER SET utf8mb4 COLLATE utf8mb4_general_ci NULL COMMENT '评价',
  `course_appraise` int NULL DEFAULT NULL COMMENT '评分',
  `reply_content` text CHARACTER SET utf8mb4 COLLATE utf8mb4_general_ci NULL COMMENT '回复内容',
  `create_user` varchar(25) CHARACTER SET utf8mb4 COLLATE utf8mb4_general_ci NULL DEFAULT NULL COMMENT '创建人',
  `create_time` datetime NULL DEFAULT NULL COMMENT '创建时间',
  `modify_user` varchar(25) CHARACTER SET utf8mb4 COLLATE utf8mb4_general_ci NULL DEFAULT NULL COMMENT '修改人',
  `modify_time` datetime NULL DEFAULT NULL COMMENT '修改时间',
  `deleted` tinyint(1) NULL DEFAULT NULL,
  PRIMARY KEY (`id`) USING BTREE
) ENGINE = InnoDB AUTO_INCREMENT = 84 CHARACTER SET = utf8mb4 COLLATE = utf8mb4_general_ci ROW_FORMAT = DYNAMIC;

-- ----------------------------
-- Records of course_appraise
-- ----------------------------
INSERT INTO `course_appraise` VALUES (86, 11049, 11043, '<img src=\"http://localhost:9000/img/b3514b61ab9d44298cbe7cd11ecad66d.png\" style=\"max-width: 100%; height: auto; margin: 10px 0px;\">', 5, NULL, '张扬', '2025-12-06 20:45:00', '张扬', '2025-12-06 20:45:00', 0);
INSERT INTO `course_appraise` VALUES (87, 11047, 11043, '太棒啦！！！', 5, '<p>感谢支持</p>', '张扬', '2025-12-06 20:45:00', '张翔', '2025-12-06 20:45:00', 0);

-- ----------------------------
-- Table structure for course_reserve
-- ----------------------------
DROP TABLE IF EXISTS `course_reserve`;
CREATE TABLE `course_reserve`  (
  `id` int NOT NULL AUTO_INCREMENT,
  `user_id` int NULL DEFAULT NULL COMMENT '用户',
  `course_id` int NULL DEFAULT NULL COMMENT '课程',
  `price` int NULL DEFAULT NULL COMMENT '价格',
  `audit_desc` varchar(255) CHARACTER SET utf8mb4 COLLATE utf8mb4_general_ci NULL DEFAULT NULL COMMENT '审核描述',
  `audit_status` int NULL DEFAULT NULL COMMENT '预约状态：1 待审核、2 审核驳回、3 审核通过',
  `deleted` tinyint(1) NULL DEFAULT NULL COMMENT '删除标志，1 表示删除',
  `create_user` varchar(25) CHARACTER SET utf8mb4 COLLATE utf8mb4_general_ci NULL DEFAULT NULL COMMENT '创建人',
  `create_time` datetime NULL DEFAULT NULL COMMENT '创建时间',
  `modify_user` varchar(25) CHARACTER SET utf8mb4 COLLATE utf8mb4_general_ci NULL DEFAULT NULL COMMENT '修改人',
  `modify_time` datetime NULL DEFAULT NULL COMMENT '修改时间',
  PRIMARY KEY (`id`) USING BTREE
) ENGINE = InnoDB AUTO_INCREMENT = 168 CHARACTER SET = utf8mb4 COLLATE = utf8mb4_general_ci ROW_FORMAT = DYNAMIC;

-- ----------------------------
-- Records of course_reserve
-- ----------------------------
INSERT INTO `course_reserve` VALUES (174, 11043, 11047, 380, '同意预约', 3, 0, '张扬', '2025-12-06 20:45:00', '管理员', '2025-12-06 20:45:00');
INSERT INTO `course_reserve` VALUES (187, 11043, 11048, 50, '同意', 3, 0, '张扬', '2025-12-06 20:45:00', '管理员', '2025-12-06 20:45:00');

-- ----------------------------
-- Table structure for order
-- ----------------------------
DROP TABLE IF EXISTS `order`;
CREATE TABLE `order`  (
  `id` int NOT NULL AUTO_INCREMENT,
  `user_id` varchar(15) CHARACTER SET utf8mb4 COLLATE utf8mb4_general_ci NULL DEFAULT NULL COMMENT '用户',
  `status` int NULL DEFAULT NULL COMMENT '订单状态：1 待发货、2 已发货、3 已收货',
  `order_no` varchar(25) CHARACTER SET utf8mb4 COLLATE utf8mb4_general_ci NULL DEFAULT NULL COMMENT '订单编号',
  `deleted` tinyint(1) NULL DEFAULT NULL COMMENT '删除标志，1 表示删除',
  `receive_time` datetime NULL DEFAULT NULL COMMENT '收货时间',
  `send_time` datetime NULL DEFAULT NULL COMMENT '发货时间',
  `create_user` varchar(25) CHARACTER SET utf8mb4 COLLATE utf8mb4_general_ci NULL DEFAULT NULL COMMENT '创建人',
  `create_time` datetime NULL DEFAULT NULL COMMENT '创建时间',
  `modify_user` varchar(25) CHARACTER SET utf8mb4 COLLATE utf8mb4_general_ci NULL DEFAULT NULL COMMENT '修改人',
  `modify_time` datetime NULL DEFAULT NULL COMMENT '修改时间',
  PRIMARY KEY (`id`) USING BTREE
) ENGINE = InnoDB AUTO_INCREMENT = 168 CHARACTER SET = utf8mb4 COLLATE = utf8mb4_general_ci ROW_FORMAT = DYNAMIC;

-- ----------------------------
-- Records of order
-- ----------------------------
INSERT INTO `order` VALUES (166, '11043', 3, 'C20250326ab425', 0, '2025-12-06 20:45:00', '2025-12-06 20:45:00', '张扬', '2025-12-06 20:45:00', '张扬', '2025-12-06 20:45:00');
INSERT INTO `order` VALUES (167, '11043', 1, 'C202503264a769', 0, '2025-12-06 20:45:00', '2025-12-06 20:45:00', '张扬', '2025-12-06 20:45:00', '张扬', '2025-12-06 20:45:00');
INSERT INTO `order` VALUES (168, '11043', 1, 'C202512061c6e4', 0, '2025-12-06 20:45:00', '2025-12-06 20:45:00', '张扬', '2025-12-06 20:45:00', '张扬', '2025-12-06 20:45:00');
INSERT INTO `order` VALUES (169, '11043', 3, 'C20251206f31fb', 0, '2025-12-06 20:45:00', '2025-12-06 20:45:00', '张扬', '2025-12-06 20:45:00', '张扬', '2025-12-06 20:45:00');
INSERT INTO `order` VALUES (170, '11043', 1, 'C20251206e2924', 0, '2025-12-06 20:45:00', '2025-12-06 20:45:00', '张扬', '2025-12-06 20:45:00', '张扬', '2025-12-06 20:45:00');
INSERT INTO `order` VALUES (171, '11043', 2, 'C2025120655777', 0, '2025-12-06 20:45:00', '2025-12-06 20:45:00', '张扬', '2025-12-06 20:45:00', '管理员', '2025-12-06 20:45:00');

-- ----------------------------
-- Table structure for order_detail
-- ----------------------------
DROP TABLE IF EXISTS `order_detail`;
CREATE TABLE `order_detail`  (
  `id` int NOT NULL AUTO_INCREMENT COMMENT '主键',
  `order_no` varchar(25) CHARACTER SET utf8mb4 COLLATE utf8mb4_general_ci NULL DEFAULT NULL COMMENT '订单编号',
  `sku_id` int NULL DEFAULT NULL COMMENT 'skuId',
  `number` int NULL DEFAULT NULL COMMENT '数量',
  `price` decimal(10, 2) NULL DEFAULT NULL COMMENT '购买价格',
  `deleted` tinyint(1) NULL DEFAULT NULL COMMENT '删除标志，1 表示删除',
  `create_user` varchar(25) CHARACTER SET utf8mb4 COLLATE utf8mb4_general_ci NULL DEFAULT NULL COMMENT '创建人',
  `create_time` datetime NULL DEFAULT NULL COMMENT '创建时间',
  `modify_user` varchar(25) CHARACTER SET utf8mb4 COLLATE utf8mb4_general_ci NULL DEFAULT NULL COMMENT '修改人',
  `modify_time` datetime NULL DEFAULT NULL COMMENT '修改时间',
  PRIMARY KEY (`id`) USING BTREE
) ENGINE = InnoDB AUTO_INCREMENT = 178 CHARACTER SET = utf8mb4 COLLATE = utf8mb4_general_ci ROW_FORMAT = DYNAMIC;

-- ----------------------------
-- Records of order_detail
-- ----------------------------
INSERT INTO `order_detail` VALUES (176, 'C20250326ab425', 151, 1, 1999.00, 0, '张扬', '2025-12-06 20:45:00', '张扬', '2025-12-06 20:45:00');
INSERT INTO `order_detail` VALUES (177, 'C202503264a769', 145, 1, 1299.00, 0, '张扬', '2025-12-06 20:45:00', '张扬', '2025-12-06 20:45:00');
INSERT INTO `order_detail` VALUES (178, 'C202512061c6e4', 145, 1, 1299.00, 0, '张扬', '2025-12-06 20:45:00', '张扬', '2025-12-06 20:45:00');
INSERT INTO `order_detail` VALUES (179, 'C20251206f31fb', 145, 1, 1299.00, 0, '张扬', '2025-12-06 20:45:00', '张扬', '2025-12-06 20:45:00');
INSERT INTO `order_detail` VALUES (180, 'C20251206f31fb', 147, 1, 1455.00, 0, '张扬', '2025-12-06 20:45:00', '张扬', '2025-12-06 20:45:00');
INSERT INTO `order_detail` VALUES (181, 'C20251206e2924', 145, 1, 1299.00, 0, '张扬', '2025-12-06 20:45:00', '张扬', '2025-12-06 20:45:00');
INSERT INTO `order_detail` VALUES (182, 'C2025120655777', 145, 2, 1299.00, 0, '张扬', '2025-12-06 20:45:00', '张扬', '2025-12-06 20:45:00');

-- ----------------------------
-- Table structure for post
-- ----------------------------
DROP TABLE IF EXISTS `post`;
CREATE TABLE `post`  (
  `id` int NOT NULL AUTO_INCREMENT COMMENT '帖子id',
  `title` varchar(25) CHARACTER SET utf8mb4 COLLATE utf8mb4_general_ci NULL DEFAULT NULL COMMENT '标题',
  `content` text CHARACTER SET utf8mb4 COLLATE utf8mb4_general_ci NULL COMMENT '内容',
  `user_id` int NULL DEFAULT NULL COMMENT '用户',
  `excellent` tinyint(1) NULL DEFAULT NULL COMMENT '是否热门，1 热门',
  `deleted` tinyint(1) NULL DEFAULT NULL COMMENT '删除标志，1 表示删除',
  `create_user` varchar(25) CHARACTER SET utf8mb4 COLLATE utf8mb4_general_ci NULL DEFAULT NULL COMMENT '创建人',
  `create_time` datetime NULL DEFAULT NULL COMMENT '创建时间',
  `modify_user` varchar(25) CHARACTER SET utf8mb4 COLLATE utf8mb4_general_ci NULL DEFAULT NULL COMMENT '修改人',
  `modify_time` datetime NULL DEFAULT NULL COMMENT '修改时间',
  PRIMARY KEY (`id`) USING BTREE
) ENGINE = InnoDB AUTO_INCREMENT = 38 CHARACTER SET = utf8mb4 COLLATE = utf8mb4_general_ci COMMENT = '作品表' ROW_FORMAT = DYNAMIC;

-- ----------------------------
-- Records of post
-- ----------------------------
INSERT INTO `post` VALUES (24, '减脂期饮食搭配 高效燃脂不挨饿', '<p>减脂期最痛苦的不是运动疲惫，而是饿到头晕眼花的煎熬。很多人误以为减脂就要 “节食”，实则不然 —— 科学的饮食搭配能让你在控制热量的同时，持续饱腹、高效燃脂。关键在于选对食材、合理配比，用营养密度高的食物替代高热量垃圾食品，既能满足身体需求，又能切断脂肪堆积的源头。</p><p>主食是减脂期的 “能量基石”，选对主食能让饱腹感翻倍。很多人减脂时完全戒掉碳水，结果导致血糖波动大、饥饿感频繁，甚至影响代谢。正确的做法是用低 GI 粗粮替代精制碳水，比如糙米、藜麦、燕麦、玉米、紫薯等。这些粗粮富含膳食纤维，消化速度慢，能平稳释放能量，避免血糖骤升骤降带来的饥饿感。建议每餐主食量控制在一个拳头大小，约 100-150 克，比如早餐用 50 克燕麦煮成粥，搭配一小把蓝莓；午餐用 100 克糙米饭搭配菜肴；晚餐用半根玉米或一个小紫薯替代主食，既能提供能量，又不会给身体带来负担。</p><p>蛋白质是减脂期的 “核心营养素”，高蛋白饮食能增强饱腹感、维持肌肉量，而肌肉量越高，基础代谢就越旺盛，燃脂效率也会随之提升。减脂期的蛋白质来源要选择低脂高蛋白的食材，比如鸡胸肉、鱼虾、瘦牛肉、鸡蛋、豆腐、无糖酸奶等。建议每餐保证有一个掌心大小的蛋白质食物，约 200-300 克，比如早餐吃 2 个水煮蛋加一杯无糖豆浆；午餐用 150 克鸡胸肉炒西兰花；晚餐吃 100 克巴沙鱼搭配豆腐汤。蛋白质的消化需要消耗更多能量，能间接增加热量消耗，让你在不挨饿的情况下稳步减脂。</p><p>蔬菜是减脂期的 “饱腹神器”，大多数绿叶蔬菜热量极低，富含维生素、矿物质和膳食纤维，能填充肠胃、促进肠道蠕动，还能延缓血糖上升，延长饱腹感。建议每天摄入 500 克以上蔬菜，每餐至少搭配 200 克，优先选择西兰花、菠菜、芹菜、黄瓜、番茄等。蔬菜的烹饪方式以清炒、水煮、凉拌为主，避免重油重盐。比如午餐用蒜蓉清炒油麦菜，晚餐做一份番茄黄瓜凉拌菜，既能增加饮食丰富度，又能减少热量摄入。需要注意的是，土豆、莲藕、山药等淀粉类蔬菜要当作主食，避免碳水过量。</p><p>合理安排加餐能有效缓解饥饿，避免正餐暴饮暴食。减脂期的加餐要选择低热量、高营养的食物，比如上午 10 点吃一个小苹果或一根黄瓜，下午 3 点喝一杯无糖酸奶或吃一小把原味坚果（约 10 颗）。这些加餐热量控制在 100-150 大卡，既能补充能量，又不会打破热量平衡，还能让身体保持代谢活力，避免因长时间饥饿导致的脂肪堆积。</p><p>除了食材搭配，烹饪方式和饮食细节也很重要。减脂期要减少油炸、红烧、勾芡等做法，多采用蒸、煮、烤、凉拌，每次烹饪用油不超过 5 克，约一小勺。同时要注意少食多餐，每餐吃到七八分饱即可，细嚼慢咽，给肠胃足够的消化时间，避免过量进食。另外，每天要喝 1500-2000 毫升温水，饭前喝一杯水能增加饱腹感，促进新陈代谢。</p><p>分享几组简单易操作的搭配案例：早餐可以是 “燕麦粥 + 水煮蛋 + 小份凉拌黄瓜”，午餐是 “糙米饭 + 清炒鸡胸肉 + 蒜蓉油麦菜”，晚餐是 “紫薯 + 清蒸鱼 + 番茄豆腐汤”，加餐选择 “无糖酸奶 + 蓝莓” 或 “原味坚果 + 苹果”。这些搭配兼顾营养与饱腹感，热量控制在 1200-1500 大卡（根据身高体重调整），坚持一周就能感受到身体变化，既不会饿到乏力，又能稳步燃脂。</p><p>减脂期饮食搭配的核心是 “营养均衡 + 热量缺口”，无需过度节食，只要选对食材、合理配比，就能在享受美食的同时轻松减脂。记住，减脂是一个长期过程，健康的饮食习惯比短暂的节食更重要，坚持科学搭配，不仅能收获好身材，还能养成受益终身的健康生活方式。</p>', 11043, 1, 0, '张扬', '2025-12-06 20:45:00', '张扬', '2025-12-06 20:45:00');
INSERT INTO `post` VALUES (25, '居家 HIIT 训练计划 暴汗燃脂超带感', '<p>减脂期最痛苦的不是运动疲惫，而是饿到头晕眼花的煎熬。很多人误以为减脂就要 “节食”，实则不然 —— 科学的饮食搭配能让你在控制热量的同时，持续饱腹、高效燃脂。关键在于选对食材、合理配比，用营养密度高的食物替代高热量垃圾食品，既能满足身体需求，又能切断脂肪堆积的源头。</p><p>主食是减脂期的 “能量基石”，选对主食能让饱腹感翻倍。很多人减脂时完全戒掉碳水，结果导致血糖波动大、饥饿感频繁，甚至影响代谢。正确的做法是用低 GI 粗粮替代精制碳水，比如糙米、藜麦、燕麦、玉米、紫薯等。这些粗粮富含膳食纤维，消化速度慢，能平稳释放能量，避免血糖骤升骤降带来的饥饿感。建议每餐主食量控制在一个拳头大小，约 100-150 克，比如早餐用 50 克燕麦煮成粥，搭配一小把蓝莓；午餐用 100 克糙米饭搭配菜肴；晚餐用半根玉米或一个小紫薯替代主食，既能提供能量，又不会给身体带来负担。</p><p>蛋白质是减脂期的 “核心营养素”，高蛋白饮食能增强饱腹感、维持肌肉量，而肌肉量越高，基础代谢就越旺盛，燃脂效率也会随之提升。减脂期的蛋白质来源要选择低脂高蛋白的食材，比如鸡胸肉、鱼虾、瘦牛肉、鸡蛋、豆腐、无糖酸奶等。建议每餐保证有一个掌心大小的蛋白质食物，约 200-300 克，比如早餐吃 2 个水煮蛋加一杯无糖豆浆；午餐用 150 克鸡胸肉炒西兰花；晚餐吃 100 克巴沙鱼搭配豆腐汤。蛋白质的消化需要消耗更多能量，能间接增加热量消耗，让你在不挨饿的情况下稳步减脂。</p><p>蔬菜是减脂期的 “饱腹神器”，大多数绿叶蔬菜热量极低，富含维生素、矿物质和膳食纤维，能填充肠胃、促进肠道蠕动，还能延缓血糖上升，延长饱腹感。建议每天摄入 500 克以上蔬菜，每餐至少搭配 200 克，优先选择西兰花、菠菜、芹菜、黄瓜、番茄等。蔬菜的烹饪方式以清炒、水煮、凉拌为主，避免重油重盐。比如午餐用蒜蓉清炒油麦菜，晚餐做一份番茄黄瓜凉拌菜，既能增加饮食丰富度，又能减少热量摄入。需要注意的是，土豆、莲藕、山药等淀粉类蔬菜要当作主食，避免碳水过量。</p><p>合理安排加餐能有效缓解饥饿，避免正餐暴饮暴食。减脂期的加餐要选择低热量、高营养的食物，比如上午 10 点吃一个小苹果或一根黄瓜，下午 3 点喝一杯无糖酸奶或吃一小把原味坚果（约 10 颗）。这些加餐热量控制在 100-150 大卡，既能补充能量，又不会打破热量平衡，还能让身体保持代谢活力，避免因长时间饥饿导致的脂肪堆积。</p><p>除了食材搭配，烹饪方式和饮食细节也很重要。减脂期要减少油炸、红烧、勾芡等做法，多采用蒸、煮、烤、凉拌，每次烹饪用油不超过 5 克，约一小勺。同时要注意少食多餐，每餐吃到七八分饱即可，细嚼慢咽，给肠胃足够的消化时间，避免过量进食。另外，每天要喝 1500-2000 毫升温水，饭前喝一杯水能增加饱腹感，促进新陈代谢。</p><p>分享几组简单易操作的搭配案例：早餐可以是 “燕麦粥 + 水煮蛋 + 小份凉拌黄瓜”，午餐是 “糙米饭 + 清炒鸡胸肉 + 蒜蓉油麦菜”，晚餐是 “紫薯 + 清蒸鱼 + 番茄豆腐汤”，加餐选择 “无糖酸奶 + 蓝莓” 或 “原味坚果 + 苹果”。这些搭配兼顾营养与饱腹感，热量控制在 1200-1500 大卡（根据身高体重调整），坚持一周就能感受到身体变化，既不会饿到乏力，又能稳步燃脂。</p><p>减脂期饮食搭配的核心是 “营养均衡 + 热量缺口”，无需过度节食，只要选对食材、合理配比，就能在享受美食的同时轻松减脂。记住，减脂是一个长期过程，健康的饮食习惯比短暂的节食更重要，坚持科学搭配，不仅能收获好身材，还能养成受益终身的健康生活方式。</p>', 11043, NULL, 0, '张扬', '2025-12-06 20:45:00', '张扬', '2025-12-06 20:45:00');
INSERT INTO `post` VALUES (26, '新手健身避坑指南 少走弯路快塑形', '<p>减脂期最痛苦的不是运动疲惫，而是饿到头晕眼花的煎熬。很多人误以为减脂就要 “节食”，实则不然 —— 科学的饮食搭配能让你在控制热量的同时，持续饱腹、高效燃脂。关键在于选对食材、合理配比，用营养密度高的食物替代高热量垃圾食品，既能满足身体需求，又能切断脂肪堆积的源头。</p><p>主食是减脂期的 “能量基石”，选对主食能让饱腹感翻倍。很多人减脂时完全戒掉碳水，结果导致血糖波动大、饥饿感频繁，甚至影响代谢。正确的做法是用低 GI 粗粮替代精制碳水，比如糙米、藜麦、燕麦、玉米、紫薯等。这些粗粮富含膳食纤维，消化速度慢，能平稳释放能量，避免血糖骤升骤降带来的饥饿感。建议每餐主食量控制在一个拳头大小，约 100-150 克，比如早餐用 50 克燕麦煮成粥，搭配一小把蓝莓；午餐用 100 克糙米饭搭配菜肴；晚餐用半根玉米或一个小紫薯替代主食，既能提供能量，又不会给身体带来负担。</p><p>蛋白质是减脂期的 “核心营养素”，高蛋白饮食能增强饱腹感、维持肌肉量，而肌肉量越高，基础代谢就越旺盛，燃脂效率也会随之提升。减脂期的蛋白质来源要选择低脂高蛋白的食材，比如鸡胸肉、鱼虾、瘦牛肉、鸡蛋、豆腐、无糖酸奶等。建议每餐保证有一个掌心大小的蛋白质食物，约 200-300 克，比如早餐吃 2 个水煮蛋加一杯无糖豆浆；午餐用 150 克鸡胸肉炒西兰花；晚餐吃 100 克巴沙鱼搭配豆腐汤。蛋白质的消化需要消耗更多能量，能间接增加热量消耗，让你在不挨饿的情况下稳步减脂。</p><p>蔬菜是减脂期的 “饱腹神器”，大多数绿叶蔬菜热量极低，富含维生素、矿物质和膳食纤维，能填充肠胃、促进肠道蠕动，还能延缓血糖上升，延长饱腹感。建议每天摄入 500 克以上蔬菜，每餐至少搭配 200 克，优先选择西兰花、菠菜、芹菜、黄瓜、番茄等。蔬菜的烹饪方式以清炒、水煮、凉拌为主，避免重油重盐。比如午餐用蒜蓉清炒油麦菜，晚餐做一份番茄黄瓜凉拌菜，既能增加饮食丰富度，又能减少热量摄入。需要注意的是，土豆、莲藕、山药等淀粉类蔬菜要当作主食，避免碳水过量。</p><p>合理安排加餐能有效缓解饥饿，避免正餐暴饮暴食。减脂期的加餐要选择低热量、高营养的食物，比如上午 10 点吃一个小苹果或一根黄瓜，下午 3 点喝一杯无糖酸奶或吃一小把原味坚果（约 10 颗）。这些加餐热量控制在 100-150 大卡，既能补充能量，又不会打破热量平衡，还能让身体保持代谢活力，避免因长时间饥饿导致的脂肪堆积。</p><p>除了食材搭配，烹饪方式和饮食细节也很重要。减脂期要减少油炸、红烧、勾芡等做法，多采用蒸、煮、烤、凉拌，每次烹饪用油不超过 5 克，约一小勺。同时要注意少食多餐，每餐吃到七八分饱即可，细嚼慢咽，给肠胃足够的消化时间，避免过量进食。另外，每天要喝 1500-2000 毫升温水，饭前喝一杯水能增加饱腹感，促进新陈代谢。</p><p>分享几组简单易操作的搭配案例：早餐可以是 “燕麦粥 + 水煮蛋 + 小份凉拌黄瓜”，午餐是 “糙米饭 + 清炒鸡胸肉 + 蒜蓉油麦菜”，晚餐是 “紫薯 + 清蒸鱼 + 番茄豆腐汤”，加餐选择 “无糖酸奶 + 蓝莓” 或 “原味坚果 + 苹果”。这些搭配兼顾营养与饱腹感，热量控制在 1200-1500 大卡（根据身高体重调整），坚持一周就能感受到身体变化，既不会饿到乏力，又能稳步燃脂。</p><p>减脂期饮食搭配的核心是 “营养均衡 + 热量缺口”，无需过度节食，只要选对食材、合理配比，就能在享受美食的同时轻松减脂。记住，减脂是一个长期过程，健康的饮食习惯比短暂的节食更重要，坚持科学搭配，不仅能收获好身材，还能养成受益终身的健康生活方式。</p>', 11043, NULL, 0, '张扬', '2025-12-06 20:45:00', '张扬', '2025-12-06 20:45:00');
INSERT INTO `post` VALUES (27, '燃脂操跟练心得 坚持一月瘦五斤', '<p>减脂期最痛苦的不是运动疲惫，而是饿到头晕眼花的煎熬。很多人误以为减脂就要 “节食”，实则不然 —— 科学的饮食搭配能让你在控制热量的同时，持续饱腹、高效燃脂。关键在于选对食材、合理配比，用营养密度高的食物替代高热量垃圾食品，既能满足身体需求，又能切断脂肪堆积的源头。</p><p>主食是减脂期的 “能量基石”，选对主食能让饱腹感翻倍。很多人减脂时完全戒掉碳水，结果导致血糖波动大、饥饿感频繁，甚至影响代谢。正确的做法是用低 GI 粗粮替代精制碳水，比如糙米、藜麦、燕麦、玉米、紫薯等。这些粗粮富含膳食纤维，消化速度慢，能平稳释放能量，避免血糖骤升骤降带来的饥饿感。建议每餐主食量控制在一个拳头大小，约 100-150 克，比如早餐用 50 克燕麦煮成粥，搭配一小把蓝莓；午餐用 100 克糙米饭搭配菜肴；晚餐用半根玉米或一个小紫薯替代主食，既能提供能量，又不会给身体带来负担。</p><p>蛋白质是减脂期的 “核心营养素”，高蛋白饮食能增强饱腹感、维持肌肉量，而肌肉量越高，基础代谢就越旺盛，燃脂效率也会随之提升。减脂期的蛋白质来源要选择低脂高蛋白的食材，比如鸡胸肉、鱼虾、瘦牛肉、鸡蛋、豆腐、无糖酸奶等。建议每餐保证有一个掌心大小的蛋白质食物，约 200-300 克，比如早餐吃 2 个水煮蛋加一杯无糖豆浆；午餐用 150 克鸡胸肉炒西兰花；晚餐吃 100 克巴沙鱼搭配豆腐汤。蛋白质的消化需要消耗更多能量，能间接增加热量消耗，让你在不挨饿的情况下稳步减脂。</p><p>蔬菜是减脂期的 “饱腹神器”，大多数绿叶蔬菜热量极低，富含维生素、矿物质和膳食纤维，能填充肠胃、促进肠道蠕动，还能延缓血糖上升，延长饱腹感。建议每天摄入 500 克以上蔬菜，每餐至少搭配 200 克，优先选择西兰花、菠菜、芹菜、黄瓜、番茄等。蔬菜的烹饪方式以清炒、水煮、凉拌为主，避免重油重盐。比如午餐用蒜蓉清炒油麦菜，晚餐做一份番茄黄瓜凉拌菜，既能增加饮食丰富度，又能减少热量摄入。需要注意的是，土豆、莲藕、山药等淀粉类蔬菜要当作主食，避免碳水过量。</p><p>合理安排加餐能有效缓解饥饿，避免正餐暴饮暴食。减脂期的加餐要选择低热量、高营养的食物，比如上午 10 点吃一个小苹果或一根黄瓜，下午 3 点喝一杯无糖酸奶或吃一小把原味坚果（约 10 颗）。这些加餐热量控制在 100-150 大卡，既能补充能量，又不会打破热量平衡，还能让身体保持代谢活力，避免因长时间饥饿导致的脂肪堆积。</p><p>除了食材搭配，烹饪方式和饮食细节也很重要。减脂期要减少油炸、红烧、勾芡等做法，多采用蒸、煮、烤、凉拌，每次烹饪用油不超过 5 克，约一小勺。同时要注意少食多餐，每餐吃到七八分饱即可，细嚼慢咽，给肠胃足够的消化时间，避免过量进食。另外，每天要喝 1500-2000 毫升温水，饭前喝一杯水能增加饱腹感，促进新陈代谢。</p><p>分享几组简单易操作的搭配案例：早餐可以是 “燕麦粥 + 水煮蛋 + 小份凉拌黄瓜”，午餐是 “糙米饭 + 清炒鸡胸肉 + 蒜蓉油麦菜”，晚餐是 “紫薯 + 清蒸鱼 + 番茄豆腐汤”，加餐选择 “无糖酸奶 + 蓝莓” 或 “原味坚果 + 苹果”。这些搭配兼顾营养与饱腹感，热量控制在 1200-1500 大卡（根据身高体重调整），坚持一周就能感受到身体变化，既不会饿到乏力，又能稳步燃脂。</p><p>减脂期饮食搭配的核心是 “营养均衡 + 热量缺口”，无需过度节食，只要选对食材、合理配比，就能在享受美食的同时轻松减脂。记住，减脂是一个长期过程，健康的饮食习惯比短暂的节食更重要，坚持科学搭配，不仅能收获好身材，还能养成受益终身的健康生活方式。</p>', 11043, NULL, 0, '张扬', '2025-12-06 20:45:00', '张扬', '2025-12-06 20:45:00');
INSERT INTO `post` VALUES (28, '健身餐快手做法 低脂高蛋白超简单', '<p>减脂期最痛苦的不是运动疲惫，而是饿到头晕眼花的煎熬。很多人误以为减脂就要 “节食”，实则不然 —— 科学的饮食搭配能让你在控制热量的同时，持续饱腹、高效燃脂。关键在于选对食材、合理配比，用营养密度高的食物替代高热量垃圾食品，既能满足身体需求，又能切断脂肪堆积的源头。</p><p>主食是减脂期的 “能量基石”，选对主食能让饱腹感翻倍。很多人减脂时完全戒掉碳水，结果导致血糖波动大、饥饿感频繁，甚至影响代谢。正确的做法是用低 GI 粗粮替代精制碳水，比如糙米、藜麦、燕麦、玉米、紫薯等。这些粗粮富含膳食纤维，消化速度慢，能平稳释放能量，避免血糖骤升骤降带来的饥饿感。建议每餐主食量控制在一个拳头大小，约 100-150 克，比如早餐用 50 克燕麦煮成粥，搭配一小把蓝莓；午餐用 100 克糙米饭搭配菜肴；晚餐用半根玉米或一个小紫薯替代主食，既能提供能量，又不会给身体带来负担。</p><p>蛋白质是减脂期的 “核心营养素”，高蛋白饮食能增强饱腹感、维持肌肉量，而肌肉量越高，基础代谢就越旺盛，燃脂效率也会随之提升。减脂期的蛋白质来源要选择低脂高蛋白的食材，比如鸡胸肉、鱼虾、瘦牛肉、鸡蛋、豆腐、无糖酸奶等。建议每餐保证有一个掌心大小的蛋白质食物，约 200-300 克，比如早餐吃 2 个水煮蛋加一杯无糖豆浆；午餐用 150 克鸡胸肉炒西兰花；晚餐吃 100 克巴沙鱼搭配豆腐汤。蛋白质的消化需要消耗更多能量，能间接增加热量消耗，让你在不挨饿的情况下稳步减脂。</p><p>蔬菜是减脂期的 “饱腹神器”，大多数绿叶蔬菜热量极低，富含维生素、矿物质和膳食纤维，能填充肠胃、促进肠道蠕动，还能延缓血糖上升，延长饱腹感。建议每天摄入 500 克以上蔬菜，每餐至少搭配 200 克，优先选择西兰花、菠菜、芹菜、黄瓜、番茄等。蔬菜的烹饪方式以清炒、水煮、凉拌为主，避免重油重盐。比如午餐用蒜蓉清炒油麦菜，晚餐做一份番茄黄瓜凉拌菜，既能增加饮食丰富度，又能减少热量摄入。需要注意的是，土豆、莲藕、山药等淀粉类蔬菜要当作主食，避免碳水过量。</p><p>合理安排加餐能有效缓解饥饿，避免正餐暴饮暴食。减脂期的加餐要选择低热量、高营养的食物，比如上午 10 点吃一个小苹果或一根黄瓜，下午 3 点喝一杯无糖酸奶或吃一小把原味坚果（约 10 颗）。这些加餐热量控制在 100-150 大卡，既能补充能量，又不会打破热量平衡，还能让身体保持代谢活力，避免因长时间饥饿导致的脂肪堆积。</p><p>除了食材搭配，烹饪方式和饮食细节也很重要。减脂期要减少油炸、红烧、勾芡等做法，多采用蒸、煮、烤、凉拌，每次烹饪用油不超过 5 克，约一小勺。同时要注意少食多餐，每餐吃到七八分饱即可，细嚼慢咽，给肠胃足够的消化时间，避免过量进食。另外，每天要喝 1500-2000 毫升温水，饭前喝一杯水能增加饱腹感，促进新陈代谢。</p><p>分享几组简单易操作的搭配案例：早餐可以是 “燕麦粥 + 水煮蛋 + 小份凉拌黄瓜”，午餐是 “糙米饭 + 清炒鸡胸肉 + 蒜蓉油麦菜”，晚餐是 “紫薯 + 清蒸鱼 + 番茄豆腐汤”，加餐选择 “无糖酸奶 + 蓝莓” 或 “原味坚果 + 苹果”。这些搭配兼顾营养与饱腹感，热量控制在 1200-1500 大卡（根据身高体重调整），坚持一周就能感受到身体变化，既不会饿到乏力，又能稳步燃脂。</p><p>减脂期饮食搭配的核心是 “营养均衡 + 热量缺口”，无需过度节食，只要选对食材、合理配比，就能在享受美食的同时轻松减脂。记住，减脂是一个长期过程，健康的饮食习惯比短暂的节食更重要，坚持科学搭配，不仅能收获好身材，还能养成受益终身的健康生活方式。</p>', 11043, 1, 0, '张扬', '2025-12-06 20:45:00', '张扬', '2025-12-06 20:45:00');
INSERT INTO `post` VALUES (29, '突破减脂平台期 几招教你轻松搞定', '<p>减脂期最痛苦的不是运动疲惫，而是饿到头晕眼花的煎熬。很多人误以为减脂就要 “节食”，实则不然 —— 科学的饮食搭配能让你在控制热量的同时，持续饱腹、高效燃脂。关键在于选对食材、合理配比，用营养密度高的食物替代高热量垃圾食品，既能满足身体需求，又能切断脂肪堆积的源头。</p><p>主食是减脂期的 “能量基石”，选对主食能让饱腹感翻倍。很多人减脂时完全戒掉碳水，结果导致血糖波动大、饥饿感频繁，甚至影响代谢。正确的做法是用低 GI 粗粮替代精制碳水，比如糙米、藜麦、燕麦、玉米、紫薯等。这些粗粮富含膳食纤维，消化速度慢，能平稳释放能量，避免血糖骤升骤降带来的饥饿感。建议每餐主食量控制在一个拳头大小，约 100-150 克，比如早餐用 50 克燕麦煮成粥，搭配一小把蓝莓；午餐用 100 克糙米饭搭配菜肴；晚餐用半根玉米或一个小紫薯替代主食，既能提供能量，又不会给身体带来负担。</p><p>蛋白质是减脂期的 “核心营养素”，高蛋白饮食能增强饱腹感、维持肌肉量，而肌肉量越高，基础代谢就越旺盛，燃脂效率也会随之提升。减脂期的蛋白质来源要选择低脂高蛋白的食材，比如鸡胸肉、鱼虾、瘦牛肉、鸡蛋、豆腐、无糖酸奶等。建议每餐保证有一个掌心大小的蛋白质食物，约 200-300 克，比如早餐吃 2 个水煮蛋加一杯无糖豆浆；午餐用 150 克鸡胸肉炒西兰花；晚餐吃 100 克巴沙鱼搭配豆腐汤。蛋白质的消化需要消耗更多能量，能间接增加热量消耗，让你在不挨饿的情况下稳步减脂。</p><p>蔬菜是减脂期的 “饱腹神器”，大多数绿叶蔬菜热量极低，富含维生素、矿物质和膳食纤维，能填充肠胃、促进肠道蠕动，还能延缓血糖上升，延长饱腹感。建议每天摄入 500 克以上蔬菜，每餐至少搭配 200 克，优先选择西兰花、菠菜、芹菜、黄瓜、番茄等。蔬菜的烹饪方式以清炒、水煮、凉拌为主，避免重油重盐。比如午餐用蒜蓉清炒油麦菜，晚餐做一份番茄黄瓜凉拌菜，既能增加饮食丰富度，又能减少热量摄入。需要注意的是，土豆、莲藕、山药等淀粉类蔬菜要当作主食，避免碳水过量。</p><p>合理安排加餐能有效缓解饥饿，避免正餐暴饮暴食。减脂期的加餐要选择低热量、高营养的食物，比如上午 10 点吃一个小苹果或一根黄瓜，下午 3 点喝一杯无糖酸奶或吃一小把原味坚果（约 10 颗）。这些加餐热量控制在 100-150 大卡，既能补充能量，又不会打破热量平衡，还能让身体保持代谢活力，避免因长时间饥饿导致的脂肪堆积。</p><p>除了食材搭配，烹饪方式和饮食细节也很重要。减脂期要减少油炸、红烧、勾芡等做法，多采用蒸、煮、烤、凉拌，每次烹饪用油不超过 5 克，约一小勺。同时要注意少食多餐，每餐吃到七八分饱即可，细嚼慢咽，给肠胃足够的消化时间，避免过量进食。另外，每天要喝 1500-2000 毫升温水，饭前喝一杯水能增加饱腹感，促进新陈代谢。</p><p>分享几组简单易操作的搭配案例：早餐可以是 “燕麦粥 + 水煮蛋 + 小份凉拌黄瓜”，午餐是 “糙米饭 + 清炒鸡胸肉 + 蒜蓉油麦菜”，晚餐是 “紫薯 + 清蒸鱼 + 番茄豆腐汤”，加餐选择 “无糖酸奶 + 蓝莓” 或 “原味坚果 + 苹果”。这些搭配兼顾营养与饱腹感，热量控制在 1200-1500 大卡（根据身高体重调整），坚持一周就能感受到身体变化，既不会饿到乏力，又能稳步燃脂。</p><p>减脂期饮食搭配的核心是 “营养均衡 + 热量缺口”，无需过度节食，只要选对食材、合理配比，就能在享受美食的同时轻松减脂。记住，减脂是一个长期过程，健康的饮食习惯比短暂的节食更重要，坚持科学搭配，不仅能收获好身材，还能养成受益终身的健康生活方式。</p>', 11043, NULL, 0, '张扬', '2025-12-06 20:45:00', '张扬', '2025-12-06 20:45:00');
INSERT INTO `post` VALUES (30, '团课减脂哪家强 莱美搏击操 yyds', '<p>减脂期最痛苦的不是运动疲惫，而是饿到头晕眼花的煎熬。很多人误以为减脂就要 “节食”，实则不然 —— 科学的饮食搭配能让你在控制热量的同时，持续饱腹、高效燃脂。关键在于选对食材、合理配比，用营养密度高的食物替代高热量垃圾食品，既能满足身体需求，又能切断脂肪堆积的源头。</p><p>主食是减脂期的 “能量基石”，选对主食能让饱腹感翻倍。很多人减脂时完全戒掉碳水，结果导致血糖波动大、饥饿感频繁，甚至影响代谢。正确的做法是用低 GI 粗粮替代精制碳水，比如糙米、藜麦、燕麦、玉米、紫薯等。这些粗粮富含膳食纤维，消化速度慢，能平稳释放能量，避免血糖骤升骤降带来的饥饿感。建议每餐主食量控制在一个拳头大小，约 100-150 克，比如早餐用 50 克燕麦煮成粥，搭配一小把蓝莓；午餐用 100 克糙米饭搭配菜肴；晚餐用半根玉米或一个小紫薯替代主食，既能提供能量，又不会给身体带来负担。</p><p>蛋白质是减脂期的 “核心营养素”，高蛋白饮食能增强饱腹感、维持肌肉量，而肌肉量越高，基础代谢就越旺盛，燃脂效率也会随之提升。减脂期的蛋白质来源要选择低脂高蛋白的食材，比如鸡胸肉、鱼虾、瘦牛肉、鸡蛋、豆腐、无糖酸奶等。建议每餐保证有一个掌心大小的蛋白质食物，约 200-300 克，比如早餐吃 2 个水煮蛋加一杯无糖豆浆；午餐用 150 克鸡胸肉炒西兰花；晚餐吃 100 克巴沙鱼搭配豆腐汤。蛋白质的消化需要消耗更多能量，能间接增加热量消耗，让你在不挨饿的情况下稳步减脂。</p><p>蔬菜是减脂期的 “饱腹神器”，大多数绿叶蔬菜热量极低，富含维生素、矿物质和膳食纤维，能填充肠胃、促进肠道蠕动，还能延缓血糖上升，延长饱腹感。建议每天摄入 500 克以上蔬菜，每餐至少搭配 200 克，优先选择西兰花、菠菜、芹菜、黄瓜、番茄等。蔬菜的烹饪方式以清炒、水煮、凉拌为主，避免重油重盐。比如午餐用蒜蓉清炒油麦菜，晚餐做一份番茄黄瓜凉拌菜，既能增加饮食丰富度，又能减少热量摄入。需要注意的是，土豆、莲藕、山药等淀粉类蔬菜要当作主食，避免碳水过量。</p><p>合理安排加餐能有效缓解饥饿，避免正餐暴饮暴食。减脂期的加餐要选择低热量、高营养的食物，比如上午 10 点吃一个小苹果或一根黄瓜，下午 3 点喝一杯无糖酸奶或吃一小把原味坚果（约 10 颗）。这些加餐热量控制在 100-150 大卡，既能补充能量，又不会打破热量平衡，还能让身体保持代谢活力，避免因长时间饥饿导致的脂肪堆积。</p><p>除了食材搭配，烹饪方式和饮食细节也很重要。减脂期要减少油炸、红烧、勾芡等做法，多采用蒸、煮、烤、凉拌，每次烹饪用油不超过 5 克，约一小勺。同时要注意少食多餐，每餐吃到七八分饱即可，细嚼慢咽，给肠胃足够的消化时间，避免过量进食。另外，每天要喝 1500-2000 毫升温水，饭前喝一杯水能增加饱腹感，促进新陈代谢。</p><p>分享几组简单易操作的搭配案例：早餐可以是 “燕麦粥 + 水煮蛋 + 小份凉拌黄瓜”，午餐是 “糙米饭 + 清炒鸡胸肉 + 蒜蓉油麦菜”，晚餐是 “紫薯 + 清蒸鱼 + 番茄豆腐汤”，加餐选择 “无糖酸奶 + 蓝莓” 或 “原味坚果 + 苹果”。这些搭配兼顾营养与饱腹感，热量控制在 1200-1500 大卡（根据身高体重调整），坚持一周就能感受到身体变化，既不会饿到乏力，又能稳步燃脂。</p><p>减脂期饮食搭配的核心是 “营养均衡 + 热量缺口”，无需过度节食，只要选对食材、合理配比，就能在享受美食的同时轻松减脂。记住，减脂是一个长期过程，健康的饮食习惯比短暂的节食更重要，坚持科学搭配，不仅能收获好身材，还能养成受益终身的健康生活方式。</p>', 11043, 1, 0, '张扬', '2025-12-06 20:45:00', '张扬', '2025-12-06 20:45:00');
INSERT INTO `post` VALUES (31, '办公室久坐燃脂 碎片时间练出马甲线', '<p>减脂期最痛苦的不是运动疲惫，而是饿到头晕眼花的煎熬。很多人误以为减脂就要 “节食”，实则不然 —— 科学的饮食搭配能让你在控制热量的同时，持续饱腹、高效燃脂。关键在于选对食材、合理配比，用营养密度高的食物替代高热量垃圾食品，既能满足身体需求，又能切断脂肪堆积的源头。</p><p>主食是减脂期的 “能量基石”，选对主食能让饱腹感翻倍。很多人减脂时完全戒掉碳水，结果导致血糖波动大、饥饿感频繁，甚至影响代谢。正确的做法是用低 GI 粗粮替代精制碳水，比如糙米、藜麦、燕麦、玉米、紫薯等。这些粗粮富含膳食纤维，消化速度慢，能平稳释放能量，避免血糖骤升骤降带来的饥饿感。建议每餐主食量控制在一个拳头大小，约 100-150 克，比如早餐用 50 克燕麦煮成粥，搭配一小把蓝莓；午餐用 100 克糙米饭搭配菜肴；晚餐用半根玉米或一个小紫薯替代主食，既能提供能量，又不会给身体带来负担。</p><p>蛋白质是减脂期的 “核心营养素”，高蛋白饮食能增强饱腹感、维持肌肉量，而肌肉量越高，基础代谢就越旺盛，燃脂效率也会随之提升。减脂期的蛋白质来源要选择低脂高蛋白的食材，比如鸡胸肉、鱼虾、瘦牛肉、鸡蛋、豆腐、无糖酸奶等。建议每餐保证有一个掌心大小的蛋白质食物，约 200-300 克，比如早餐吃 2 个水煮蛋加一杯无糖豆浆；午餐用 150 克鸡胸肉炒西兰花；晚餐吃 100 克巴沙鱼搭配豆腐汤。蛋白质的消化需要消耗更多能量，能间接增加热量消耗，让你在不挨饿的情况下稳步减脂。</p><p>蔬菜是减脂期的 “饱腹神器”，大多数绿叶蔬菜热量极低，富含维生素、矿物质和膳食纤维，能填充肠胃、促进肠道蠕动，还能延缓血糖上升，延长饱腹感。建议每天摄入 500 克以上蔬菜，每餐至少搭配 200 克，优先选择西兰花、菠菜、芹菜、黄瓜、番茄等。蔬菜的烹饪方式以清炒、水煮、凉拌为主，避免重油重盐。比如午餐用蒜蓉清炒油麦菜，晚餐做一份番茄黄瓜凉拌菜，既能增加饮食丰富度，又能减少热量摄入。需要注意的是，土豆、莲藕、山药等淀粉类蔬菜要当作主食，避免碳水过量。</p><p>合理安排加餐能有效缓解饥饿，避免正餐暴饮暴食。减脂期的加餐要选择低热量、高营养的食物，比如上午 10 点吃一个小苹果或一根黄瓜，下午 3 点喝一杯无糖酸奶或吃一小把原味坚果（约 10 颗）。这些加餐热量控制在 100-150 大卡，既能补充能量，又不会打破热量平衡，还能让身体保持代谢活力，避免因长时间饥饿导致的脂肪堆积。</p><p>除了食材搭配，烹饪方式和饮食细节也很重要。减脂期要减少油炸、红烧、勾芡等做法，多采用蒸、煮、烤、凉拌，每次烹饪用油不超过 5 克，约一小勺。同时要注意少食多餐，每餐吃到七八分饱即可，细嚼慢咽，给肠胃足够的消化时间，避免过量进食。另外，每天要喝 1500-2000 毫升温水，饭前喝一杯水能增加饱腹感，促进新陈代谢。</p><p>分享几组简单易操作的搭配案例：早餐可以是 “燕麦粥 + 水煮蛋 + 小份凉拌黄瓜”，午餐是 “糙米饭 + 清炒鸡胸肉 + 蒜蓉油麦菜”，晚餐是 “紫薯 + 清蒸鱼 + 番茄豆腐汤”，加餐选择 “无糖酸奶 + 蓝莓” 或 “原味坚果 + 苹果”。这些搭配兼顾营养与饱腹感，热量控制在 1200-1500 大卡（根据身高体重调整），坚持一周就能感受到身体变化，既不会饿到乏力，又能稳步燃脂。</p><p>减脂期饮食搭配的核心是 “营养均衡 + 热量缺口”，无需过度节食，只要选对食材、合理配比，就能在享受美食的同时轻松减脂。记住，减脂是一个长期过程，健康的饮食习惯比短暂的节食更重要，坚持科学搭配，不仅能收获好身材，还能养成受益终身的健康生活方式。</p>', 11043, NULL, 0, '张扬', '2025-12-06 20:45:00', '张扬', '2025-12-06 20:45:00');
INSERT INTO `post` VALUES (32, '健身补剂怎么选 新手小白必看攻略', '<p>减脂期最痛苦的不是运动疲惫，而是饿到头晕眼花的煎熬。很多人误以为减脂就要 “节食”，实则不然 —— 科学的饮食搭配能让你在控制热量的同时，持续饱腹、高效燃脂。关键在于选对食材、合理配比，用营养密度高的食物替代高热量垃圾食品，既能满足身体需求，又能切断脂肪堆积的源头。</p><p>主食是减脂期的 “能量基石”，选对主食能让饱腹感翻倍。很多人减脂时完全戒掉碳水，结果导致血糖波动大、饥饿感频繁，甚至影响代谢。正确的做法是用低 GI 粗粮替代精制碳水，比如糙米、藜麦、燕麦、玉米、紫薯等。这些粗粮富含膳食纤维，消化速度慢，能平稳释放能量，避免血糖骤升骤降带来的饥饿感。建议每餐主食量控制在一个拳头大小，约 100-150 克，比如早餐用 50 克燕麦煮成粥，搭配一小把蓝莓；午餐用 100 克糙米饭搭配菜肴；晚餐用半根玉米或一个小紫薯替代主食，既能提供能量，又不会给身体带来负担。</p><p>蛋白质是减脂期的 “核心营养素”，高蛋白饮食能增强饱腹感、维持肌肉量，而肌肉量越高，基础代谢就越旺盛，燃脂效率也会随之提升。减脂期的蛋白质来源要选择低脂高蛋白的食材，比如鸡胸肉、鱼虾、瘦牛肉、鸡蛋、豆腐、无糖酸奶等。建议每餐保证有一个掌心大小的蛋白质食物，约 200-300 克，比如早餐吃 2 个水煮蛋加一杯无糖豆浆；午餐用 150 克鸡胸肉炒西兰花；晚餐吃 100 克巴沙鱼搭配豆腐汤。蛋白质的消化需要消耗更多能量，能间接增加热量消耗，让你在不挨饿的情况下稳步减脂。</p><p>蔬菜是减脂期的 “饱腹神器”，大多数绿叶蔬菜热量极低，富含维生素、矿物质和膳食纤维，能填充肠胃、促进肠道蠕动，还能延缓血糖上升，延长饱腹感。建议每天摄入 500 克以上蔬菜，每餐至少搭配 200 克，优先选择西兰花、菠菜、芹菜、黄瓜、番茄等。蔬菜的烹饪方式以清炒、水煮、凉拌为主，避免重油重盐。比如午餐用蒜蓉清炒油麦菜，晚餐做一份番茄黄瓜凉拌菜，既能增加饮食丰富度，又能减少热量摄入。需要注意的是，土豆、莲藕、山药等淀粉类蔬菜要当作主食，避免碳水过量。</p><p>合理安排加餐能有效缓解饥饿，避免正餐暴饮暴食。减脂期的加餐要选择低热量、高营养的食物，比如上午 10 点吃一个小苹果或一根黄瓜，下午 3 点喝一杯无糖酸奶或吃一小把原味坚果（约 10 颗）。这些加餐热量控制在 100-150 大卡，既能补充能量，又不会打破热量平衡，还能让身体保持代谢活力，避免因长时间饥饿导致的脂肪堆积。</p><p>除了食材搭配，烹饪方式和饮食细节也很重要。减脂期要减少油炸、红烧、勾芡等做法，多采用蒸、煮、烤、凉拌，每次烹饪用油不超过 5 克，约一小勺。同时要注意少食多餐，每餐吃到七八分饱即可，细嚼慢咽，给肠胃足够的消化时间，避免过量进食。另外，每天要喝 1500-2000 毫升温水，饭前喝一杯水能增加饱腹感，促进新陈代谢。</p><p>分享几组简单易操作的搭配案例：早餐可以是 “燕麦粥 + 水煮蛋 + 小份凉拌黄瓜”，午餐是 “糙米饭 + 清炒鸡胸肉 + 蒜蓉油麦菜”，晚餐是 “紫薯 + 清蒸鱼 + 番茄豆腐汤”，加餐选择 “无糖酸奶 + 蓝莓” 或 “原味坚果 + 苹果”。这些搭配兼顾营养与饱腹感，热量控制在 1200-1500 大卡（根据身高体重调整），坚持一周就能感受到身体变化，既不会饿到乏力，又能稳步燃脂。</p><p>减脂期饮食搭配的核心是 “营养均衡 + 热量缺口”，无需过度节食，只要选对食材、合理配比，就能在享受美食的同时轻松减脂。记住，减脂是一个长期过程，健康的饮食习惯比短暂的节食更重要，坚持科学搭配，不仅能收获好身材，还能养成受益终身的健康生活方式。</p>', 11043, NULL, 0, '张扬', '2025-12-06 20:45:00', '张扬', '2025-12-06 20:45:00');
INSERT INTO `post` VALUES (33, '训练后能量补充 吃对才能高效恢复', '<p>减脂期最痛苦的不是运动疲惫，而是饿到头晕眼花的煎熬。很多人误以为减脂就要 “节食”，实则不然 —— 科学的饮食搭配能让你在控制热量的同时，持续饱腹、高效燃脂。关键在于选对食材、合理配比，用营养密度高的食物替代高热量垃圾食品，既能满足身体需求，又能切断脂肪堆积的源头。</p><p>主食是减脂期的 “能量基石”，选对主食能让饱腹感翻倍。很多人减脂时完全戒掉碳水，结果导致血糖波动大、饥饿感频繁，甚至影响代谢。正确的做法是用低 GI 粗粮替代精制碳水，比如糙米、藜麦、燕麦、玉米、紫薯等。这些粗粮富含膳食纤维，消化速度慢，能平稳释放能量，避免血糖骤升骤降带来的饥饿感。建议每餐主食量控制在一个拳头大小，约 100-150 克，比如早餐用 50 克燕麦煮成粥，搭配一小把蓝莓；午餐用 100 克糙米饭搭配菜肴；晚餐用半根玉米或一个小紫薯替代主食，既能提供能量，又不会给身体带来负担。</p><p>蛋白质是减脂期的 “核心营养素”，高蛋白饮食能增强饱腹感、维持肌肉量，而肌肉量越高，基础代谢就越旺盛，燃脂效率也会随之提升。减脂期的蛋白质来源要选择低脂高蛋白的食材，比如鸡胸肉、鱼虾、瘦牛肉、鸡蛋、豆腐、无糖酸奶等。建议每餐保证有一个掌心大小的蛋白质食物，约 200-300 克，比如早餐吃 2 个水煮蛋加一杯无糖豆浆；午餐用 150 克鸡胸肉炒西兰花；晚餐吃 100 克巴沙鱼搭配豆腐汤。蛋白质的消化需要消耗更多能量，能间接增加热量消耗，让你在不挨饿的情况下稳步减脂。</p><p>蔬菜是减脂期的 “饱腹神器”，大多数绿叶蔬菜热量极低，富含维生素、矿物质和膳食纤维，能填充肠胃、促进肠道蠕动，还能延缓血糖上升，延长饱腹感。建议每天摄入 500 克以上蔬菜，每餐至少搭配 200 克，优先选择西兰花、菠菜、芹菜、黄瓜、番茄等。蔬菜的烹饪方式以清炒、水煮、凉拌为主，避免重油重盐。比如午餐用蒜蓉清炒油麦菜，晚餐做一份番茄黄瓜凉拌菜，既能增加饮食丰富度，又能减少热量摄入。需要注意的是，土豆、莲藕、山药等淀粉类蔬菜要当作主食，避免碳水过量。</p><p>合理安排加餐能有效缓解饥饿，避免正餐暴饮暴食。减脂期的加餐要选择低热量、高营养的食物，比如上午 10 点吃一个小苹果或一根黄瓜，下午 3 点喝一杯无糖酸奶或吃一小把原味坚果（约 10 颗）。这些加餐热量控制在 100-150 大卡，既能补充能量，又不会打破热量平衡，还能让身体保持代谢活力，避免因长时间饥饿导致的脂肪堆积。</p><p>除了食材搭配，烹饪方式和饮食细节也很重要。减脂期要减少油炸、红烧、勾芡等做法，多采用蒸、煮、烤、凉拌，每次烹饪用油不超过 5 克，约一小勺。同时要注意少食多餐，每餐吃到七八分饱即可，细嚼慢咽，给肠胃足够的消化时间，避免过量进食。另外，每天要喝 1500-2000 毫升温水，饭前喝一杯水能增加饱腹感，促进新陈代谢。</p><p>分享几组简单易操作的搭配案例：早餐可以是 “燕麦粥 + 水煮蛋 + 小份凉拌黄瓜”，午餐是 “糙米饭 + 清炒鸡胸肉 + 蒜蓉油麦菜”，晚餐是 “紫薯 + 清蒸鱼 + 番茄豆腐汤”，加餐选择 “无糖酸奶 + 蓝莓” 或 “原味坚果 + 苹果”。这些搭配兼顾营养与饱腹感，热量控制在 1200-1500 大卡（根据身高体重调整），坚持一周就能感受到身体变化，既不会饿到乏力，又能稳步燃脂。</p><p>减脂期饮食搭配的核心是 “营养均衡 + 热量缺口”，无需过度节食，只要选对食材、合理配比，就能在享受美食的同时轻松减脂。记住，减脂是一个长期过程，健康的饮食习惯比短暂的节食更重要，坚持科学搭配，不仅能收获好身材，还能养成受益终身的健康生活方式。</p>', 11043, NULL, 0, '张扬', '2025-12-06 20:45:00', '张扬', '2025-12-06 20:45:00');

-- ----------------------------
-- Table structure for post_comment
-- ----------------------------
DROP TABLE IF EXISTS `post_comment`;
CREATE TABLE `post_comment`  (
  `id` int NOT NULL AUTO_INCREMENT COMMENT '评论id',
  `post_id` int NULL DEFAULT NULL COMMENT '帖子',
  `content` text CHARACTER SET utf8mb4 COLLATE utf8mb4_general_ci NULL COMMENT '内容',
  `user_id` int NULL DEFAULT NULL COMMENT '用户',
  `deleted` tinyint(1) NULL DEFAULT NULL COMMENT '删除标志，1 表示删除',
  `create_user` varchar(25) CHARACTER SET utf8mb4 COLLATE utf8mb4_general_ci NULL DEFAULT NULL COMMENT '创建人',
  `create_time` datetime NULL DEFAULT NULL COMMENT '创建时间',
  `modify_user` varchar(25) CHARACTER SET utf8mb4 COLLATE utf8mb4_general_ci NULL DEFAULT NULL COMMENT '修改人',
  `modify_time` datetime NULL DEFAULT NULL COMMENT '修改时间',
  PRIMARY KEY (`id`) USING BTREE
) ENGINE = InnoDB AUTO_INCREMENT = 72 CHARACTER SET = utf8mb4 COLLATE = utf8mb4_general_ci COMMENT = '帖子评论表' ROW_FORMAT = DYNAMIC;

-- ----------------------------
-- Records of post_comment
-- ----------------------------

-- ----------------------------
-- Table structure for recharge_record
-- ----------------------------
DROP TABLE IF EXISTS `recharge_record`;
CREATE TABLE `recharge_record`  (
  `id` int NOT NULL AUTO_INCREMENT COMMENT '主键',
  `user_id` int NULL DEFAULT NULL COMMENT '用户',
  `remark` varchar(255) CHARACTER SET utf8mb4 COLLATE utf8mb4_general_ci NULL DEFAULT NULL COMMENT '备注',
  `money` int NULL DEFAULT NULL COMMENT '金额',
  `channel` tinyint NULL DEFAULT NULL COMMENT '充值渠道',
  `deleted` tinyint(1) NULL DEFAULT NULL COMMENT '删除标志，1 表示删除',
  `create_user` varchar(25) CHARACTER SET utf8mb4 COLLATE utf8mb4_general_ci NULL DEFAULT NULL COMMENT '创建人',
  `create_time` datetime NULL DEFAULT NULL COMMENT '创建时间',
  `modify_user` varchar(25) CHARACTER SET utf8mb4 COLLATE utf8mb4_general_ci NULL DEFAULT NULL COMMENT '修改人',
  `modify_time` datetime NULL DEFAULT NULL COMMENT '修改时间',
  PRIMARY KEY (`id`) USING BTREE
) ENGINE = InnoDB AUTO_INCREMENT = 11044 CHARACTER SET = utf8mb4 COLLATE = utf8mb4_general_ci ROW_FORMAT = DYNAMIC;

-- ----------------------------
-- Records of recharge_record
-- ----------------------------
INSERT INTO `recharge_record` VALUES (11044, 11035, '11', 100, 2, 0, '管理员', '2025-12-06 20:45:00', '管理员', '2025-12-06 20:45:00');
INSERT INTO `recharge_record` VALUES (11045, 11043, '充钱', 100, 1, 0, '张扬', '2025-12-06 20:45:00', '张扬', '2025-12-06 20:45:00');
INSERT INTO `recharge_record` VALUES (11046, 11043, '再冲100', 200, 2, 0, '张扬', '2025-12-06 20:45:00', '张扬', '2025-12-06 20:45:00');

-- ----------------------------
-- Table structure for sku
-- ----------------------------
DROP TABLE IF EXISTS `sku`;
CREATE TABLE `sku`  (
  `id` int NOT NULL AUTO_INCREMENT COMMENT '主键',
  `name` varchar(255) CHARACTER SET utf8mb4 COLLATE utf8mb4_general_ci NULL DEFAULT NULL COMMENT '名称',
  `category_id` int NULL DEFAULT NULL COMMENT '分类',
  `url` varchar(255) CHARACTER SET utf8mb4 COLLATE utf8mb4_general_ci NULL DEFAULT NULL COMMENT '封面',
  `price` decimal(10, 0) NULL DEFAULT NULL COMMENT '价格',
  `simple_desc` varchar(255) CHARACTER SET utf8mb4 COLLATE utf8mb4_general_ci NULL DEFAULT NULL COMMENT '简单描述',
  `inventory` int NULL DEFAULT NULL COMMENT '库存量',
  `content` text CHARACTER SET utf8mb4 COLLATE utf8mb4_general_ci NULL COMMENT '内容',
  `detail` text CHARACTER SET utf8mb4 COLLATE utf8mb4_general_ci NULL COMMENT '介绍',
  `deleted` tinyint(1) NULL DEFAULT NULL COMMENT '删除标志，1 表示删除',
  `create_user` varchar(25) CHARACTER SET utf8mb4 COLLATE utf8mb4_general_ci NULL DEFAULT NULL COMMENT '创建人',
  `create_time` datetime NULL DEFAULT NULL COMMENT '创建时间',
  `modify_user` varchar(25) CHARACTER SET utf8mb4 COLLATE utf8mb4_general_ci NULL DEFAULT NULL COMMENT '修改人',
  `modify_time` datetime NULL DEFAULT NULL COMMENT '修改时间',
  PRIMARY KEY (`id`) USING BTREE
) ENGINE = InnoDB AUTO_INCREMENT = 157 CHARACTER SET = utf8mb4 COLLATE = utf8mb4_general_ci ROW_FORMAT = DYNAMIC;

-- ----------------------------
-- Records of sku
-- ----------------------------
INSERT INTO `sku` VALUES (145, '黑米板栗鸡肉能量碗', 26, 'http://localhost:9000/img/d402ea2897504a209ee4bb893b6f5165.png', 1299, '黑米板栗配鸡胸，暖心低卡补能快', 16, NULL, '<p><img src=\"http://localhost:9000/img/09592f2382ee42dd8ff8ce225024694c.png\" contenteditable=\"false\"/></p>', 0, '管理员', '2025-12-06 20:45:00', '管理员', '2025-12-06 20:45:00');
INSERT INTO `sku` VALUES (146, '紫米红枣牛肉能量碗', 26, 'http://localhost:9000/img/a3fb79c9b10645eaac49cfda8345f105.png', 1222, '紫米红枣搭牛肉，烤蔬加持能量足', 18, NULL, '<p><img src=\"http://localhost:9000/img/09592f2382ee42dd8ff8ce225024694c.png\" contenteditable=\"false\"/></p>', 0, '管理员', '2025-12-06 20:45:00', '管理员', '2025-12-06 20:45:00');
INSERT INTO `sku` VALUES (147, '风干草原牛肉条', 26, 'http://localhost:9000/img/267d2b53a65f4742a2ca57a6af6140b2.png', 1455, '高蛋白低脂肪，风干嚼劲足抗饿持久', 46, NULL, '<p><img src=\"http://localhost:9000/img/09592f2382ee42dd8ff8ce225024694c.png\" contenteditable=\"false\"/></p>', 0, '管理员', '2025-12-06 20:45:00', '管理员', '2025-12-06 20:45:00');
INSERT INTO `sku` VALUES (148, '黑米红豆鸡排能量碗', 26, 'http://localhost:9000/img/1ff13a50121f460b876098cedb2be192.png', 1255, '蛋白拉满，谷物配烤蔬饱腹补能量', 17, NULL, '<p><img src=\"http://localhost:9000/img/09592f2382ee42dd8ff8ce225024694c.png\" contenteditable=\"false\"/></p>', 0, '管理员', '2025-12-06 20:45:00', '管理员', '2025-12-06 20:45:00');
INSERT INTO `sku` VALUES (149, '牛乳松软面包', 26, 'http://localhost:9000/img/00fd90e3264c4024bd7b7a74a760eda9.png', 1277, '碳水补能快，奶香浓郁松软易消化', 20, NULL, '<p><img src=\"http://localhost:9000/img/09592f2382ee42dd8ff8ce225024694c.png\" contenteditable=\"false\"/></p>', 0, '管理员', '2025-12-06 20:45:00', '管理员', '2025-12-06 20:45:00');
INSERT INTO `sku` VALUES (150, '山药坚果脆', 26, 'http://localhost:9000/img/1b81db2462824002bba5133b599d66ed.png', 2999, '粗粮配优质脂肪，温和补能护肠胃', 17, NULL, '<p><img src=\"http://localhost:9000/img/09592f2382ee42dd8ff8ce225024694c.png\" contenteditable=\"false\"/></p>', 0, '管理员', '2025-12-06 20:45:00', '管理员', '2025-12-06 20:45:00');
INSERT INTO `sku` VALUES (151, '芦笋口蘑炒鸡腿肉', 23, 'http://localhost:9000/img/204645bba47242f98edb3f9865677f8b.png', 1999, '低脂高蛋白，脆嫩鲜香助力减脂无负担', 8, NULL, '<p><img src=\"http://localhost:9000/img/09592f2382ee42dd8ff8ce225024694c.png\" contenteditable=\"false\"/></p>', 0, '管理员', '2025-12-06 20:45:00', '管理员', '2025-12-06 20:45:00');
INSERT INTO `sku` VALUES (152, '包菜胡萝卜炒鸡蛋', 23, 'http://localhost:9000/img/49c6fcc88a6e457fa91fcbcab74c1452.png', 1888, '快手低卡，补充蛋白增强饱腹感', 3, NULL, '<p><img src=\"http://localhost:9000/img/09592f2382ee42dd8ff8ce225024694c.png\" contenteditable=\"false\"/></p>', 0, '管理员', '2025-12-06 20:45:00', '管理员', '2025-12-06 20:45:00');
INSERT INTO `sku` VALUES (153, '罗勒风味鸡腿排餐', 23, 'http://localhost:9000/img/cb69fe9d5acc4acc96356b3fde05c1bd.png', 2166, '搭配生菜滑蛋，低脂入味加热即食', 25, NULL, '<p><img src=\"http://localhost:9000/img/09592f2382ee42dd8ff8ce225024694c.png\" contenteditable=\"false\"/></p>', 0, '管理员', '2025-12-06 20:45:00', '管理员', '2025-12-06 20:45:00');
INSERT INTO `sku` VALUES (154, '杂粮饭水煮虾套餐', 23, 'http://localhost:9000/img/c5a77a5ca1e440ac9fcfebbe47e7a8b0.png', 2255, '杂粮配鲜虾，鲜蔬加持控卡 500 大卡内', 20, NULL, '<p><img src=\"http://localhost:9000/img/09592f2382ee42dd8ff8ce225024694c.png\" contenteditable=\"false\"/></p>', 0, '管理员', '2025-12-06 20:45:00', '管理员', '2025-12-06 20:45:00');
INSERT INTO `sku` VALUES (155, '番茄焖豆腐', 23, 'http://localhost:9000/img/cda735e05015421bbcb19ea4d109d9e4.png', 2544, '酸甜入味，植物蛋白丰富低脂无负担', 5, NULL, '<p><img src=\"http://localhost:9000/img/09592f2382ee42dd8ff8ce225024694c.png\" contenteditable=\"false\"/></p>', 0, '管理员', '2025-12-06 20:45:00', '管理员', '2025-12-06 20:45:00');
INSERT INTO `sku` VALUES (156, '巴沙鱼金针菇炒蛋餐', 23, 'http://localhost:9000/img/86ad2872d089439aac63d5eafe075468.png', 2766, '鲜嫩无刺，低脂高蛋白搭配均衡', 22, NULL, '<p><img src=\"http://localhost:9000/img/09592f2382ee42dd8ff8ce225024694c.png\" contenteditable=\"false\"/></p>', 0, '管理员', '2025-12-06 20:45:00', '管理员', '2025-12-06 20:45:00');

-- ----------------------------
-- Table structure for sku_appraise
-- ----------------------------
DROP TABLE IF EXISTS `sku_appraise`;
CREATE TABLE `sku_appraise`  (
  `id` int NOT NULL AUTO_INCREMENT COMMENT '主键',
  `sku_id` int NOT NULL COMMENT '课程',
  `user_id` int NOT NULL COMMENT '用户',
  `content` text CHARACTER SET utf8mb4 COLLATE utf8mb4_general_ci NULL COMMENT '评价内容',
  `experience_appraise` int NULL DEFAULT NULL COMMENT '学习体验评分',
  `sku_appraise` int NULL DEFAULT NULL COMMENT '课程评分',
  `create_user` varchar(25) CHARACTER SET utf8mb4 COLLATE utf8mb4_general_ci NULL DEFAULT NULL COMMENT '创建人',
  `create_time` datetime NULL DEFAULT NULL COMMENT '创建时间',
  `modify_user` varchar(25) CHARACTER SET utf8mb4 COLLATE utf8mb4_general_ci NULL DEFAULT NULL COMMENT '修改人',
  `modify_time` datetime NULL DEFAULT NULL COMMENT '修改时间',
  `deleted` tinyint(1) NULL DEFAULT NULL,
  `order_no` varchar(25) CHARACTER SET utf8mb4 COLLATE utf8mb4_general_ci NULL DEFAULT NULL COMMENT '订单编号',
  PRIMARY KEY (`id`) USING BTREE
) ENGINE = InnoDB AUTO_INCREMENT = 84 CHARACTER SET = utf8mb4 COLLATE = utf8mb4_general_ci ROW_FORMAT = DYNAMIC;

-- ----------------------------
-- Records of sku_appraise
-- ----------------------------
INSERT INTO `sku_appraise` VALUES (85, 145, 11043, '哈哈哈哈', NULL, 4, '张扬', '2025-12-06 20:45:00', '张扬', '2025-12-06 20:45:00', 0, 'C20251206f31fb');

-- ----------------------------
-- Table structure for sys_menu
-- ----------------------------
DROP TABLE IF EXISTS `sys_menu`;
CREATE TABLE `sys_menu`  (
  `id` int NOT NULL AUTO_INCREMENT,
  `code` varchar(25) CHARACTER SET utf8mb4 COLLATE utf8mb4_general_ci NOT NULL COMMENT '菜单编码',
  `name` varchar(20) CHARACTER SET utf8mb4 COLLATE utf8mb4_general_ci NULL DEFAULT NULL COMMENT '菜单名称',
  `parent_code` varchar(20) CHARACTER SET utf8mb4 COLLATE utf8mb4_general_ci NULL DEFAULT NULL COMMENT '上级菜单',
  `path` varchar(255) CHARACTER SET utf8mb4 COLLATE utf8mb4_general_ci NULL DEFAULT NULL COMMENT '菜单路径',
  `i18n_key` varchar(255) CHARACTER SET utf8mb4 COLLATE utf8mb4_general_ci NULL DEFAULT NULL COMMENT 'i18n_key',
  `component` varchar(255) CHARACTER SET utf8mb4 COLLATE utf8mb4_general_ci NULL DEFAULT NULL COMMENT 'component',
  `icon` varchar(50) CHARACTER SET utf8mb4 COLLATE utf8mb4_general_ci NULL DEFAULT NULL COMMENT '菜单图标',
  `title` varchar(255) CHARACTER SET utf8mb4 COLLATE utf8mb4_general_ci NULL DEFAULT NULL COMMENT '菜单名称',
  `sort` int NULL DEFAULT NULL COMMENT '排序',
  `deleted` tinyint(1) NULL DEFAULT NULL COMMENT '删除标志，1 表示删除',
  `create_user` varchar(25) CHARACTER SET utf8mb4 COLLATE utf8mb4_general_ci NULL DEFAULT NULL COMMENT '创建人',
  `create_time` datetime NULL DEFAULT NULL COMMENT '创建时间',
  `modify_user` varchar(25) CHARACTER SET utf8mb4 COLLATE utf8mb4_general_ci NULL DEFAULT NULL COMMENT '修改人',
  `modify_time` datetime NULL DEFAULT NULL COMMENT '修改时间',
  PRIMARY KEY (`id`) USING BTREE
) ENGINE = InnoDB AUTO_INCREMENT = 94 CHARACTER SET = utf8mb4 COLLATE = utf8mb4_general_ci ROW_FORMAT = DYNAMIC;

-- ----------------------------
-- Records of sys_menu
-- ----------------------------
INSERT INTO `sys_menu` VALUES (11, 'manage', '系统管理', '', '/manage', 'route.manage', 'layout.base', 'carbon:cloud-service-management', NULL, 77, 0, '1', '2025-12-06 20:45:00', '管理员', '2025-12-06 20:45:00');
INSERT INTO `sys_menu` VALUES (14, 'manage_menu', '系统菜单管理', 'manage', '/manage/menu', 'route.manage_menu', 'view.manage_menu', 'material-symbols:route', NULL, 3, 0, NULL, '2025-12-06 20:45:00', '管理员', '2025-12-06 20:45:00');
INSERT INTO `sys_menu` VALUES (70, 'manage_role', '系统角色管理', 'manage', '/manage/role', 'route.manage_role', 'view.manage_role', 'carbon:user-role', NULL, 2, 0, '管理员', '2025-12-06 20:45:00', '管理员', '2025-12-06 20:45:00');
INSERT INTO `sys_menu` VALUES (71, 'manage_user', '系统用户管理', 'manage', '/manage/user', 'route.manage_user', 'view.manage_user', 'ic:round-manage-accounts', NULL, 1, 0, '管理员', '2025-12-06 20:45:00', '管理员', '2025-12-06 20:45:00');
INSERT INTO `sys_menu` VALUES (72, 'sku', '点餐管理', NULL, '/sku', 'route.sku', 'layout.base$view.sku', 'si:view-compact-line', NULL, 20, 0, '管理员', '2025-12-06 20:45:00', '管理员', '2025-12-06 20:45:00');
INSERT INTO `sys_menu` VALUES (73, 'announcement', '健身资讯管理', NULL, '/announcement', 'route.announcement', 'layout.base$view.announcement', 'cil:bell', NULL, 60, 0, NULL, '2025-12-06 20:45:00', '管理员', '2025-12-06 20:45:00');
INSERT INTO `sys_menu` VALUES (75, 'carousel', '轮播图管理', NULL, '/carousel', 'route.carousel', 'layout.base$view.carousel', 'tdesign:browse', NULL, 40, 0, NULL, '2025-12-06 20:45:00', '管理员', '2025-12-06 20:45:00');
INSERT INTO `sys_menu` VALUES (81, 'skuappraise', '点餐评价管理', NULL, '/skuappraise', 'route.skuappraise', 'layout.base$view.skuappraise', 'ci:chat-circle-check', NULL, 25, 0, NULL, '2025-12-06 20:45:00', '管理员', '2025-12-06 20:45:00');
INSERT INTO `sys_menu` VALUES (82, 'category', '点餐分类管理', NULL, '/category', 'route.category', 'layout.base$view.category', 'si:align-center-line', NULL, 15, 0, NULL, '2025-12-06 20:45:00', '管理员', '2025-12-06 20:45:00');
INSERT INTO `sys_menu` VALUES (84, 'user', '会员管理', NULL, '/user', 'route.user', 'layout.base$view.user', 'weui:group-detail-outlined', NULL, 1, 0, NULL, '2025-12-06 20:45:00', '管理员', '2025-12-06 20:45:00');
INSERT INTO `sys_menu` VALUES (85, 'order', '点餐订单管理', NULL, '/order', 'route.order', 'layout.base$view.order', 'si:ballot-line', NULL, 30, 0, NULL, '2025-12-06 20:45:00', '管理员', '2025-12-06 20:45:00');
INSERT INTO `sys_menu` VALUES (88, 'coach', '教练管理', NULL, '/coach', 'route.coach', 'layout.base$view.coach', 'si:align-center-line', NULL, 4, 0, '管理员', '2025-12-06 20:45:00', '管理员', '2025-12-06 20:45:00');
INSERT INTO `sys_menu` VALUES (89, 'course', '课程管理', NULL, '/course', 'route.course', 'layout.base$view.course', 'si:align-center-line', NULL, 4, 0, '管理员', '2025-12-06 20:45:00', '管理员', '2025-12-06 20:45:00');
INSERT INTO `sys_menu` VALUES (90, 'courseappraise', '课程评价管理', NULL, '/courseappraise', 'route.courseappraise', 'layout.base$view.courseappraise', 'si:align-center-line', NULL, 4, 0, '管理员', '2025-12-06 20:45:00', '管理员', '2025-12-06 20:45:00');
INSERT INTO `sys_menu` VALUES (91, 'rechargerecord', '充值管理', NULL, '/rechargerecord', 'route.rechargerecord', 'layout.base$view.rechargerecord', 'si:align-center-line', NULL, 4, 0, '管理员', '2025-12-06 20:45:00', '管理员', '2025-12-06 20:45:00');
INSERT INTO `sys_menu` VALUES (92, 'classification', '课程分类管理', NULL, '/classification', 'route.classification', 'layout.base$view.classification', 'si:align-center-line', NULL, 4, 0, '管理员', '2025-12-06 20:45:00', '管理员', '2025-12-06 20:45:00');
INSERT INTO `sys_menu` VALUES (93, 'coursereserve', '课程预约管理', NULL, '/coursereserve', 'route.coursereserve', 'layout.base$view.coursereserve', 'si:align-center-line', NULL, 4, 0, '管理员', '2025-12-06 20:45:00', '管理员', '2025-12-06 20:45:00');
INSERT INTO `sys_menu` VALUES (94, 'forum_post', '内容管理', 'forum', '/forum/post', 'route.forum_post', 'view.forum_post', 'cil:color-border', NULL, 1, 0, NULL, '2025-12-06 20:45:00', NULL, '2025-12-06 20:45:00');
INSERT INTO `sys_menu` VALUES (95, 'forum_postcomment', '评论管理', 'forum', '/forum/postcomment', 'route.forum_postcomment', 'view.forum_postcomment', 'ci:chat-circle-check', NULL, 1, 0, NULL, '2025-12-06 20:45:00', NULL, '2025-12-06 20:45:00');
INSERT INTO `sys_menu` VALUES (96, 'forum', '论坛管理', NULL, '/forum', 'route.forum', 'layout.base', 'fe:commenting', NULL, 50, 0, NULL, '2025-12-06 20:45:00', '管理员', '2025-12-06 20:45:00');

-- ----------------------------
-- Table structure for sys_role
-- ----------------------------
DROP TABLE IF EXISTS `sys_role`;
CREATE TABLE `sys_role`  (
  `id` int NOT NULL AUTO_INCREMENT,
  `code` varchar(25) CHARACTER SET utf8mb4 COLLATE utf8mb4_general_ci NULL DEFAULT NULL COMMENT '角色编码',
  `name` varchar(15) CHARACTER SET utf8mb4 COLLATE utf8mb4_general_ci NULL DEFAULT NULL COMMENT '角色名称',
  `deleted` tinyint(1) NULL DEFAULT NULL COMMENT '删除标志，1表示删除',
  `create_user` varchar(25) CHARACTER SET utf8mb4 COLLATE utf8mb4_general_ci NULL DEFAULT NULL COMMENT '创建人',
  `create_time` datetime NULL DEFAULT NULL COMMENT '创建时间',
  `modify_user` varchar(25) CHARACTER SET utf8mb4 COLLATE utf8mb4_general_ci NULL DEFAULT NULL COMMENT '修改人',
  `modify_time` datetime NULL DEFAULT NULL COMMENT '修改时间',
  PRIMARY KEY (`id`) USING BTREE
) ENGINE = InnoDB AUTO_INCREMENT = 10 CHARACTER SET = utf8mb4 COLLATE = utf8mb4_general_ci ROW_FORMAT = DYNAMIC;

-- ----------------------------
-- Records of sys_role
-- ----------------------------
INSERT INTO `sys_role` VALUES (9, 'test', '测试角色', 0, '管理员', '2025-12-06 20:45:00', '管理员', '2025-12-06 20:45:00');
INSERT INTO `sys_role` VALUES (10, 'OtherRole', '其他角色', 0, '管理员', '2025-12-06 20:45:00', '管理员', '2025-12-06 20:45:00');

-- ----------------------------
-- Table structure for sys_role_menu
-- ----------------------------
DROP TABLE IF EXISTS `sys_role_menu`;
CREATE TABLE `sys_role_menu`  (
  `id` int NOT NULL AUTO_INCREMENT,
  `role_code` varchar(25) CHARACTER SET utf8mb4 COLLATE utf8mb4_general_ci NULL DEFAULT NULL COMMENT '角色编码',
  `menu_code` varchar(25) CHARACTER SET utf8mb4 COLLATE utf8mb4_general_ci NULL DEFAULT NULL COMMENT '菜单编码',
  `deleted` tinyint(1) NULL DEFAULT NULL COMMENT '删除标志，1表示删除',
  `create_user` varchar(25) CHARACTER SET utf8mb4 COLLATE utf8mb4_general_ci NULL DEFAULT NULL COMMENT '创建人',
  `create_time` datetime NULL DEFAULT NULL COMMENT '创建时间',
  `modify_user` varchar(25) CHARACTER SET utf8mb4 COLLATE utf8mb4_general_ci NULL DEFAULT NULL COMMENT '修改人',
  `modify_time` datetime NULL DEFAULT NULL COMMENT '修改时间',
  PRIMARY KEY (`id`) USING BTREE
) ENGINE = InnoDB AUTO_INCREMENT = 35 CHARACTER SET = utf8mb4 COLLATE = utf8mb4_general_ci ROW_FORMAT = DYNAMIC;

-- ----------------------------
-- Records of sys_role_menu
-- ----------------------------
INSERT INTO `sys_role_menu` VALUES (32, 'test', 'user', 1, '管理员', '2025-12-06 20:45:00', '管理员', '2025-12-06 20:45:00');
INSERT INTO `sys_role_menu` VALUES (33, 'test', 'forum', 1, '管理员', '2025-12-06 20:45:00', '管理员', '2025-12-06 20:45:00');
INSERT INTO `sys_role_menu` VALUES (34, 'test', 'user', 1, '管理员', '2025-12-06 20:45:00', '管理员', '2025-12-06 20:45:00');
INSERT INTO `sys_role_menu` VALUES (35, 'OtherRole', 'coursereserve', 1, '管理员', '2025-12-06 20:45:00', '管理员', '2025-12-06 20:45:00');
INSERT INTO `sys_role_menu` VALUES (36, 'OtherRole', 'courseappraise', 1, '管理员', '2025-12-06 20:45:00', '管理员', '2025-12-06 20:45:00');
INSERT INTO `sys_role_menu` VALUES (37, 'OtherRole', 'course', 1, '管理员', '2025-12-06 20:45:00', '管理员', '2025-12-06 20:45:00');
INSERT INTO `sys_role_menu` VALUES (38, 'OtherRole', 'announcement', 1, '管理员', '2025-12-06 20:45:00', '管理员', '2025-12-06 20:45:00');
INSERT INTO `sys_role_menu` VALUES (39, 'OtherRole', 'announcement', 0, '管理员', '2025-12-06 20:45:00', '管理员', '2025-12-06 20:45:00');
INSERT INTO `sys_role_menu` VALUES (40, 'OtherRole', 'course', 0, '管理员', '2025-12-06 20:45:00', '管理员', '2025-12-06 20:45:00');
INSERT INTO `sys_role_menu` VALUES (41, 'OtherRole', 'courseappraise', 0, '管理员', '2025-12-06 20:45:00', '管理员', '2025-12-06 20:45:00');
INSERT INTO `sys_role_menu` VALUES (42, 'OtherRole', 'coursereserve', 0, '管理员', '2025-12-06 20:45:00', '管理员', '2025-12-06 20:45:00');
INSERT INTO `sys_role_menu` VALUES (43, 'test', 'sku', 0, '管理员', '2025-12-06 20:45:00', '管理员', '2025-12-06 20:45:00');
INSERT INTO `sys_role_menu` VALUES (44, 'test', 'carousel', 0, '管理员', '2025-12-06 20:45:00', '管理员', '2025-12-06 20:45:00');
INSERT INTO `sys_role_menu` VALUES (45, 'test', 'announcement', 0, '管理员', '2025-12-06 20:45:00', '管理员', '2025-12-06 20:45:00');

-- ----------------------------
-- Table structure for sys_user
-- ----------------------------
DROP TABLE IF EXISTS `sys_user`;
CREATE TABLE `sys_user`  (
  `id` int NOT NULL AUTO_INCREMENT,
  `username` varchar(25) CHARACTER SET utf8mb4 COLLATE utf8mb4_general_ci NULL DEFAULT NULL COMMENT '用户名',
  `password` varchar(255) CHARACTER SET utf8mb4 COLLATE utf8mb4_general_ci NULL DEFAULT NULL COMMENT '密码',
  `name` varchar(10) CHARACTER SET utf8mb4 COLLATE utf8mb4_general_ci NULL DEFAULT NULL COMMENT '姓名',
  `phone` varchar(11) CHARACTER SET utf8mb4 COLLATE utf8mb4_general_ci NULL DEFAULT NULL COMMENT '手机号',
  `email` varchar(50) CHARACTER SET utf8mb4 COLLATE utf8mb4_general_ci NULL DEFAULT NULL COMMENT '邮箱',
  `enable` tinyint(1) NULL DEFAULT NULL COMMENT '账号是否启用，1 启用',
  `deleted` tinyint(1) NULL DEFAULT NULL COMMENT '删除标志，1表示删除',
  `create_user` varchar(25) CHARACTER SET utf8mb4 COLLATE utf8mb4_general_ci NULL DEFAULT NULL COMMENT '创建人',
  `create_time` datetime NULL DEFAULT NULL COMMENT '创建时间',
  `modify_user` varchar(25) CHARACTER SET utf8mb4 COLLATE utf8mb4_general_ci NULL DEFAULT NULL COMMENT '修改人',
  `modify_time` datetime NULL DEFAULT NULL COMMENT '修改时间',
  PRIMARY KEY (`id`) USING BTREE
) ENGINE = InnoDB AUTO_INCREMENT = 17 CHARACTER SET = utf8mb4 COLLATE = utf8mb4_general_ci ROW_FORMAT = DYNAMIC;

-- ----------------------------
-- Records of sys_user
-- ----------------------------
INSERT INTO `sys_user` VALUES (1, 'admin', '$2a$10$NcwwLTa4bAi9zbJHVrOvmO8ZBU1wWAxTQcxEgbDMuFfMm4lGxdt1O', '管理员', '13566677776', '123123', 1, 0, NULL, '2025-12-06 20:45:00', '管理员2', '2025-12-06 20:45:00');
INSERT INTO `sys_user` VALUES (16, 'lisi', '$2a$10$go8jNGn3yeyx9orNeuQgVeLHUxzYwGj8dc5/JHCN5gPQMgE0oZCH2', '李四', '13594878998', '', 1, 0, '管理员', '2025-12-06 20:45:00', '管理员', '2025-12-06 20:45:00');

-- ----------------------------
-- Table structure for sys_user_role
-- ----------------------------
DROP TABLE IF EXISTS `sys_user_role`;
CREATE TABLE `sys_user_role`  (
  `id` int NOT NULL AUTO_INCREMENT,
  `user_code` varchar(25) CHARACTER SET utf8mb4 COLLATE utf8mb4_general_ci NULL DEFAULT NULL COMMENT '用户编码',
  `role_code` varchar(25) CHARACTER SET utf8mb4 COLLATE utf8mb4_general_ci NULL DEFAULT NULL COMMENT '角色编码',
  `deleted` tinyint(1) NULL DEFAULT NULL COMMENT '删除标志，1表示删除',
  `create_user` varchar(25) CHARACTER SET utf8mb4 COLLATE utf8mb4_general_ci NULL DEFAULT NULL COMMENT '创建人',
  `create_time` datetime NULL DEFAULT NULL COMMENT '创建时间',
  `modify_user` varchar(25) CHARACTER SET utf8mb4 COLLATE utf8mb4_general_ci NULL DEFAULT NULL COMMENT '修改人',
  `modify_time` datetime NULL DEFAULT NULL COMMENT '修改时间',
  PRIMARY KEY (`id`) USING BTREE
) ENGINE = InnoDB AUTO_INCREMENT = 19 CHARACTER SET = utf8mb4 COLLATE = utf8mb4_general_ci ROW_FORMAT = DYNAMIC;

-- ----------------------------
-- Records of sys_user_role
-- ----------------------------
INSERT INTO `sys_user_role` VALUES (18, 'lisi', 'test', 0, '管理员', '2025-12-06 20:45:00', '管理员', '2025-12-06 20:45:00');

-- ----------------------------
-- Table structure for user
-- ----------------------------
DROP TABLE IF EXISTS `user`;
CREATE TABLE `user`  (
  `id` int NOT NULL AUTO_INCREMENT COMMENT '主键',
  `password` varchar(255) CHARACTER SET utf8mb4 COLLATE utf8mb4_general_ci NULL DEFAULT NULL COMMENT '密码',
  `name` varchar(25) CHARACTER SET utf8mb4 COLLATE utf8mb4_general_ci NULL DEFAULT NULL COMMENT '姓名',
  `phone` varchar(15) CHARACTER SET utf8mb4 COLLATE utf8mb4_general_ci NULL DEFAULT NULL COMMENT '手机号',
  `avatar_url` varchar(255) CHARACTER SET utf8mb4 COLLATE utf8mb4_general_ci NULL DEFAULT NULL COMMENT '头像',
  `age` tinyint NULL DEFAULT NULL COMMENT '年龄',
  `address` varchar(255) CHARACTER SET utf8mb4 COLLATE utf8mb4_general_ci NULL DEFAULT NULL COMMENT '地址',
  `balance` int NULL DEFAULT NULL COMMENT '余额',
  `sex` tinyint NULL DEFAULT NULL COMMENT '性别，1 男 2 女',
  `deleted` tinyint(1) NULL DEFAULT NULL COMMENT '删除标志，1 表示删除',
  `create_user` varchar(25) CHARACTER SET utf8mb4 COLLATE utf8mb4_general_ci NULL DEFAULT NULL COMMENT '创建人',
  `create_time` datetime NULL DEFAULT NULL COMMENT '创建时间',
  `modify_user` varchar(25) CHARACTER SET utf8mb4 COLLATE utf8mb4_general_ci NULL DEFAULT NULL COMMENT '修改人',
  `modify_time` datetime NULL DEFAULT NULL COMMENT '修改时间',
  `enable` tinyint NULL DEFAULT NULL COMMENT '是否启用，1启用',
  PRIMARY KEY (`id`) USING BTREE
) ENGINE = InnoDB AUTO_INCREMENT = 11044 CHARACTER SET = utf8mb4 COLLATE = utf8mb4_general_ci ROW_FORMAT = DYNAMIC;

-- ----------------------------
-- Records of user
-- ----------------------------
INSERT INTO `user` VALUES (11035, '$2a$10$tNiaT377gkHslyFp.uU/qOjfH4QaY2UpW27r7qem6x8xegh35nxuW', '墨渊', '13577788888', 'http://localhost:9000/img/d46f920dbbca4e0aafe2ad672f7602fc.jpg', 23, '香榭丽舍', 100, 1, 0, '管理员', '2025-12-06 20:45:00', '管理员', '2025-12-06 20:45:00', 1);
INSERT INTO `user` VALUES (11036, '$2a$10$YJrWO9ekvKdWC9lwv7PNd.BUq.iuqpOVUq9Zok7sHU1vhICH40uNC', '萧逸尘', '13577766667', 'http://localhost:9000/img/ea7586ad49a54cabbaec113425781351.jpg', 25, '阳光悦城', NULL, 1, 0, '管理员', '2025-12-06 20:45:00', '管理员', '2025-12-06 20:45:00', 1);
INSERT INTO `user` VALUES (11037, '$2a$10$/D/CQjMdQpGdDie/2LyOYO5gL.PUKSMyx0GRkNDe09a4KeTgNK9a6', '君墨然', '13477766777', 'http://localhost:9000/img/eac647d7fa784528a044107704a54d10.jpg', 28, '星耀城邦', NULL, 1, 0, '管理员', '2025-12-06 20:45:00', '管理员', '2025-12-06 20:45:00', 1);
INSERT INTO `user` VALUES (11038, '$2a$10$Y8GHoQBGJkswPW2ViFUUq.Ewhh...OyDKVj2.jypUI5d6osUUjpy.', '婉兮', '13577778888', 'http://localhost:9000/img/e7dd4d171e2e438499453495cadb0dc5.jpg', 25, '馨悦里', NULL, 2, 0, '管理员', '2025-12-06 20:45:00', '管理员', '2025-12-06 20:45:00', 1);
INSERT INTO `user` VALUES (11039, '$2a$10$Dve2UqlFfdWqhpBFoqAyYu/7kl3RB2nAuq00yHYsW/Vnzy3K9a/FW', '灵芸', '13566678776', 'http://localhost:9000/img/57365a3b2d89435ba86fb55b25227a5c.jpg', 24, '锦华御府', NULL, 2, 0, '管理员', '2025-12-06 20:45:00', '管理员', '2025-12-06 20:45:00', 1);
INSERT INTO `user` VALUES (11040, '$2a$10$Jgry17o1/Kr/./Z3metxuOfDah1AK9LgbTra41qEtYQtAIx7vmFMC', '诗韵', '13544567667', 'http://localhost:9000/img/1c6cc3e5f2454c5ca633edab7f70e1c7.jpg', 24, '翠韵兰亭', NULL, 2, 0, '管理员', '2025-12-06 20:45:00', '管理员', '2025-12-06 20:45:00', 1);
INSERT INTO `user` VALUES (11043, '$2a$10$L3oKVUqSMI8UAR1DlIbbxeL06NQqtDWpFF/QivvJK0DFGSp8nIyxe', '张扬', '13594877777', 'http://localhost:9000/img/4259aa6254a249e9971a2e80d13e4ec7.jpg', 22, '幸福小区', 1470, 1, 0, '管理员', '2025-12-06 20:45:00', '张扬', '2025-12-06 20:45:00', 1);

SET FOREIGN_KEY_CHECKS = 1;
